"RingNumber","ExpScore","Sequence","Sex","TimeAfterSunrise","Species","BroodID","SubplotYear"
"B4P0032",77,3,0.5,7,0,2872,"B22025"
"B4P0032",86,1,0.5,3.45,0,1380,"B22022"
"B4P0032",79,2,0.5,4.06666666666667,0,2500,"B22024"
"B4P0067",65,3,-0.5,4.6,0,2651,"F22024"
"B4P0067",71,2,-0.5,4.95,0,2295,"F22023"
"B4P0067",76,1,-0.5,2.21666666666667,0,1745,"F22022"
"B4P0101",76,3,-0.5,2.48333333333333,0,1421,"B22022"
"B4P0101",82,1,-0.5,7.6,0,426,"B22020"
"B4P0101",87,2,-0.5,2.46666666666667,0,933,"B22021"
"B4P0129",63,2,-0.5,3.16666666666667,0,1519,"C12022"
"B4P0129",53,1,-0.5,5.51666666666667,0,395,"B22020"
"B4P0129",71,3,-0.5,9.91666666666667,0,1913,"B22023"
"B4P0174",81,2,0.5,2.5,0,1595,"D22022"
"B4P0174",77,1,0.5,6.68333333333333,0,1101,"D22021"
"B4P0174",77,3,0.5,3.21666666666667,0,2134,"D22023"
"B4P0182",55,3,0.5,2.45,0,2990,"C12025"
"B4P0182",74,1,0.5,5.06666666666667,0,1490,"C12022"
"B4P0182",53,2,0.5,2.46666666666667,0,2472,"C12024"
"B4P0211",34,1,0.5,3.91666666666667,0,442,"B22020"
"B4P0211",68,2,0.5,5.65,0,948,"B22021"
"B4P0211",60,3,0.5,7.1,0,1424,"B22022"
"B4P0239",107,4,0.5,8.23333333333333,0,2940,"B22025"
"B4P0239",81,2,0.5,2,0,1977,"B22023"
"B4P0239",77,3,0.5,4.75,0,2562,"B22024"
"B4P0239",36,1,0.5,4.55,0,1433,"B22022"
"B4P0242",44,1,0.5,5.05,0,1399,"B22022"
"B4P0276",73,2,0.5,7.6,0,2496,"B22024"
"B4P0276",51,1,0.5,3.2,0,1404,"B22022"
"B4P0285",28,1,0.5,10.3166666666667,0,2146,"E12023"
"B4P0292",51,1,0.5,2.93333333333333,0,895,"B12021"
"B4P0292",49,2,0.5,10.9166666666667,0,1923,"B12023"
"B4P0479",62,2,-0.5,6.46666666666667,0,1836,"A12023"
"B4P0479",40,1,-0.5,5.11666666666667,0,1291,"A12022"
"B4P0517",51,2,0.5,4.76666666666667,0,1997,"C12023"
"B4P0517",21,1,0.5,7.6,0,490,"C12020"
"B4P0528",26,2,0.5,6.01666666666667,0,1000,"C12021"
"B4P0528",25,1,0.5,2.46666666666667,0,492,"C12020"
"B4P0528",25,3,0.5,7.88333333333333,0,2035,"C12023"
"B4P0573",68,1,-0.5,4.7,0,947,"B12021"
"B4P0573",62,2,-0.5,1.9,0,1440,"B22022"
"B4P0573",62,3,-0.5,2.36666666666667,0,1977,"B22023"
"B4P0593",88,3,0.5,5.75,0,2111,"D22023"
"B4P0593",53,2,0.5,2.5,0,1582,"D22022"
"B4P0593",41,1,0.5,6.65,0,1081,"D22021"
"B4P0593",75,4,0.5,3.26666666666667,0,2763,"D22024"
"B4P0595",48,2,-0.5,4.4,0,1716,"F22022"
"B4P0595",64,1,-0.5,4.1,0,1069,"D12021"
"B4P0595",66,3,-0.5,3.56666666666667,0,2278,"F22023"
"B4P0633",73,2,0.5,6.91666666666667,0,1836,"A12023"
"B4P0633",99,1,0.5,5.61666666666667,0,1291,"A12022"
"B4P0648",47,2,-0.5,8.46666666666667,0,1867,"A22023"
"B4P0648",38,1,-0.5,2.31666666666667,0,1360,"A22022"
"B4P0648",67,3,-0.5,3.7,0,2389,"A22024"
"B4P0672",58,1,0.5,3.71666666666667,0,2135,"D22023"
"B4P0672",71,2,0.5,3.06666666666667,0,2780,"D22024"
"B4P0696",44,1,-0.5,2.88333333333333,0,1560,"D12022"
"B4P0696",55,2,-0.5,9.1,0,2746,"D12024"
"B4P0737",61,1,0.5,7.01666666666667,0,941,"B12021"
"B4P0802",36,2,-0.5,6.6,0,2740,"D12024"
"B4P0802",52,1,-0.5,4.36666666666667,0,556,"D12020"
"B4P0825",69,1,-0.5,2.31666666666667,0,681,"F12020"
"B4P0825",50,3,-0.5,7.23333333333333,0,1683,"F12022"
"B4P0825",86,4,-0.5,3.35,0,2222,"F12023"
"B4P0825",92,2,-0.5,3.8,0,1184,"F12021"
"B4P0841",33,1,-0.5,3.73333333333333,0,1627,"E12022"
"B4P0841",62,3,-0.5,3.56666666666667,0,3037,"E12025"
"B4P0841",86,2,-0.5,10.95,0,2150,"E12023"
"B4P0854",25,1,0.5,4.45,0,1200,"F12021"
"B4P0864",30,2,-0.5,5.15,0,2243,"F12023"
"B4P0864",21,1,-0.5,4.88333333333333,0,1220,"F22021"
"B4P0994",56,1,0.5,8.31666666666667,0,986,"C22021"
"B4P0994",78,2,0.5,2.55,0,2024,"C22023"
"B4P1531",48,1,0.5,2.15,0,2807,"B12024"
"B4P1542",40,1,-0.5,5.86666666666667,0,2118,"D22023"
"B4P1638",51,3,-0.5,6.86666666666667,0,2232,"F12023"
"B4P1638",33,1,-0.5,8.8,0,1192,"F12021"
"B4P1638",56,4,-0.5,7.2,0,2581,"F12024"
"B4P1638",33,2,-0.5,7.2,0,1691,"F12022"
"B4P1639",65,4,0.5,5.5,0,2651,"F22024"
"B4P1639",61,1,0.5,2.85,0,1250,"F22021"
"B4P1639",64,3,0.5,4.43333333333333,0,2295,"F22023"
"B4P1639",47,2,0.5,2.26666666666667,0,1739,"F22022"
"B4P1776",47,2,0.5,3.83333333333333,0,2309,"F22023"
"B4P1776",45,1,0.5,3.15,0,1745,"F22022"
"B4P1787",29,1,0.5,2.3,0,1591,"D22022"
"B4P1787",47,2,0.5,7.28333333333333,0,2118,"D22023"
"B4P1981",53,1,-0.5,2.3,0,1946,"B12023"
"B5G6012",55,1,0.5,2.36666666666667,0,1627,"E12022"
"B5G6012",61,3,0.5,2.28333333333333,0,3037,"E12025"
"B5G6012",95,2,0.5,10.1166666666667,0,2150,"E12023"
"B5G6018",58,3,0.5,3.73333333333333,0,2389,"A22024"
"B5G6018",30,1,0.5,2.35,0,1333,"A12022"
"B5G6018",77,2,0.5,9.66666666666667,0,1867,"A22023"
"B5G6026",39,1,-0.5,3.66666666666667,0,1863,"A22023"
"B5G6042",15,1,0.5,3.88333333333333,0,2517,"B12024"
"B5G6062",49,2,0.5,2.35,0,2917,"B12025"
"B5G6062",35,1,0.5,2.41666666666667,0,2538,"B12024"
"B5G6114",75,1,-0.5,8.78333333333333,0,2143,"E12023"
"B5G6119",68,1,-0.5,7.05,0,2787,"D22024"
"B5G6304",69,2,0.5,7.35,0,2976,"C22025"
"B5G6304",32,1,0.5,2.05,0,2023,"C22023"
"B5G6323",31,1,0.5,3.78333333333333,0,2030,"C12023"
"B5G6337",58,1,-0.5,10.95,0,1832,"A12023"
"B5G6337",80,2,-0.5,3.28333333333333,0,2347,"A12024"
"B5G6338",37,1,-0.5,4.65,0,2030,"C12023"
"B5G6341",55,1,-0.5,6.81666666666667,0,2496,"B22024"
"B5G6341",54,2,-0.5,9.35,0,2868,"B22025"
"B5G6362",74,1,-0.5,3.85,0,2008,"C12023"
"B5G6366",70,2,-0.5,2.41666666666667,0,2492,"B12024"
"B5G6366",37,1,-0.5,3.9,0,1900,"B12023"
"B5G6388",38,1,0.5,2.45,0,2552,"B12024"
"B5G6392",36,1,0.5,9.8,0,2788,"D22024"
"B5G6519",50,1,-0.5,9.1,0,1388,"B22022"
"B5G6519",81,2,-0.5,3.1,0,2498,"B22024"
"B5G6531",43,1,0.5,5.6,0,2243,"F12023"
"B5G6539",28,1,-0.5,8.4,0,1426,"B12022"
"B5G6586",67,2,0.5,5.95,0,2949,"C12025"
"B5G6586",32,1,0.5,6.65,0,2426,"C12024"
"B5G6595",30,2,-0.5,4.78333333333333,0,2620,"F22024"
"B5G6595",54,3,-0.5,4.53333333333333,0,3155,"F22025"
"B5G6595",39,1,-0.5,4.75,0,2248,"F12023"
"B5G6596",36,1,0.5,4.66666666666667,0,2250,"F12023"
"B5G6603",62,3,-0.5,4.05,0,2645,"F22024"
"B5G6603",38,2,-0.5,10.25,0,2303,"F22023"
"B5G6603",23,1,-0.5,2.9,0,1742,"F22022"
"B5G6656",45,1,0.5,6.68333333333333,0,2735,"D12024"
"B5G6656",68,2,0.5,5.38333333333333,0,3258,"D12025"
"B5G6661",42,1,-0.5,3.11666666666667,0,2224,"F12023"
"B5G6694",37,2,0.5,2.51666666666667,0,2445,"C12024"
"B5G6694",63,1,0.5,4.38333333333333,0,2008,"C12023"
"B5G6701",57,1,0.5,4.61666666666667,0,2417,"A22024"
"B5G6702",37,2,-0.5,2.53333333333333,0,3253,"A22025"
"B5G6702",63,1,-0.5,5.18333333333333,0,2417,"A22024"
"B5G6703",47,1,-0.5,5.35,0,2574,"F12024"
"B5G6705",54,1,0.5,7.91666666666667,0,2747,"D12024"
"B5G6708",17,1,-0.5,3.43333333333333,0,2489,"C22024"
"B5G6913",42,1,-0.5,2.61666666666667,0,1375,"B12022"
"B5G6917",56,1,-0.5,7.63333333333333,0,2001,"C12023"
"B5G6932",84,2,-0.5,9.35,0,2111,"D22023"
"B5G6932",76,1,-0.5,8.5,0,1547,"D12022"
"B5G6932",94,3,-0.5,4.81666666666667,0,2763,"D22024"
"B5G6937",53,2,0.5,4.21666666666667,0,3306,"D22025"
"B5G6937",57,1,0.5,9.66666666666667,0,2784,"D22024"
"B5G6959",18,1,0.5,6.25,0,2236,"F12023"
"B5G6959",36,2,0.5,3.8667,0,2723,"D12024"
"B5G7069",40,3,0.5,6.56666666666667,0,2460,"C12024"
"B5G7069",47,1,0.5,6.65,0,1464,"C12022"
"B5G7069",56,4,0.5,2.1,0,2987,"C12025"
"B5G7069",42,2,0.5,5.05,0,2015,"C12023"
"B5G7284",58,2,-0.5,3.1,0,2488,"C22024"
"B5G7284",54,1,-0.5,3.05,0,2062,"C12023"
"B5G7356",71,2,-0.5,2.36666666666667,0,2872,"B22025"
"B5G7356",65,1,-0.5,3.43333333333333,0,2500,"B22024"
"B5G7403",39,2,0.5,8.78333333333333,0,1426,"B12022"
"B5G7403",55,1,0.5,1.98333333333333,0,929,"B12021"
"B5G7482",77,2,-0.5,3.13333333333333,0,2531,"B12024"
"B5G7482",63,1,-0.5,5.51666666666667,0,1378,"B22022"
"B5G7497",59,2,0.5,4.36666666666667,0,2620,"F22024"
"B5G7497",44,1,0.5,3.53333333333333,0,2248,"F12023"
"B5G7500",40,2,-0.5,6.4,0,2107,"D22023"
"B5G7500",46,1,-0.5,2.9,0,1576,"D22022"
"B5K0002",54,1,0.5,6.66666666666667,0,2564,"B22024"
"B5K0002",61,2,0.5,6.81666666666667,0,2937,"B22025"
"B5K0014",30,1,-0.5,6.3,0,2482,"C22024"
"B5K0015",60,1,0.5,8,0,2435,"C22024"
"B5K0030",36,1,0.5,7.85,0,2756,"D12024"
"B5K0032",54,1,-0.5,2.63333333333333,0,2723,"D12024"
"B5K0063",41,1,-0.5,6.76666666666667,0,2625,"F22024"
"B5K0065",42,1,-0.5,5.53333333333333,0,2523,"B22024"
"B5K0066",84,2,-0.5,3.03333333333333,0,3243,"A22025"
"B5K0066",69,1,-0.5,3.46666666666667,0,2393,"A22024"
"B5K0067",93,1,0.5,4.18333333333333,0,2393,"A22024"
"B5K0101",23,1,-0.5,3.08333333333333,0,2555,"B12024"
"B5K0103",43,1,-0.5,2.06666666666667,0,2571,"F12024"
"B5K0104",43,1,0.5,2.58333333333333,0,2571,"F12024"
"B5K0105",46,1,-0.5,2.73333333333333,0,2572,"F12024"
"B5K0107",51,1,-0.5,7.65,0,2603,"F12024"
"B5K0119",56,1,-0.5,5.1,0,2517,"B12024"
"B5K0201",75,2,-0.5,2.71666666666667,0,2776,"D22024"
"B5K0201",87,1,-0.5,2.56666666666667,0,2134,"D22023"
"B5K0202",37,1,0.5,2.78333333333333,0,1946,"B12023"
"B5K0223",65,1,-0.5,4.11666666666667,0,2101,"D12023"
"B5K0223",67,2,-0.5,6.5,0,2772,"D22024"
"B5K0226",30,1,0.5,2.25,0,2572,"F12024"
"B5K0232",24,1,0.5,9.86666666666667,0,1832,"A12023"
"B5K0234",36,1,0.5,2.53333333333333,0,2180,"E22023"
"B5K0237",48,1,-0.5,3.41666666666667,0,2180,"E22023"
"B5K0240",47,1,-0.5,8.91666666666667,0,1894,"A22023"
"B5K0259",66,1,0.5,3.51666666666667,0,2439,"C12024"
"B5K0291",45,1,-0.5,2.6,0,2463,"C12024"
"B5K0300",53,1,-0.5,5.63333333333333,0,1816,"A12023"
"B5K0501",53,1,-0.5,8.75,0,1976,"B22023"
"B5K0502",71,1,0.5,3.7,0,2089,"D12023"
"B5K0502",87,2,0.5,6.8,0,2744,"D12024"
"B5K0521",32,2,-0.5,3.6,0,2428,"C12024"
"B5K0521",38,1,-0.5,7.76666666666667,0,1995,"C12023"
"B5K0521",50,3,-0.5,6.75,0,2958,"C12025"
"B5K0532",45,1,-0.5,4.01666666666667,0,2468,"C22024"
"B5K0540",71,2,0.5,7.68333333333333,0,2929,"B22025"
"B5K0540",50,1,0.5,4.51666666666667,0,2806,"B22024"
"B5K0549",60,1,-0.5,7.01666666666667,0,2007,"C22023"
"B5K0550",36,1,0.5,9.4,0,2054,"C22023"
"B5K0551",54,1,-0.5,10.1,0,2056,"C22023"
"B5K0552",28,1,-0.5,11.8166666666667,0,2146,"E12023"
"B5K0553",43,2,-0.5,6,0,2731,"D12024"
"B5K0553",35,1,-0.5,3.43333333333333,0,2106,"D22023"
"B5K0559",40,1,0.5,4.95,0,2574,"F12024"
"B5K0601",26,1,-0.5,6.51666666666667,0,1956,"B22023"
"B5K0603",54,1,-0.5,2.48333333333333,0,1926,"B12023"
"B5K0606",48,1,0.5,3.98333333333333,0,1985,"C12023"
"B5K0617",37,1,0.5,2.51666666666667,0,2222,"F12023"
"B5K0617",42,2,0.5,9.05,0,2570,"F12024"
"B5K0642",60,2,-0.5,7.26666666666667,0,2778,"D22024"
"B5K0642",30,1,-0.5,4.15,0,2122,"D22023"
"B5K0643",49,2,0.5,8.21666666666667,0,2726,"D12024"
"B5K0643",32,1,0.5,2.91666666666667,0,2071,"D12023"
"B5K0643",46,3,0.5,2.53333333333333,0,3260,"D12025"
"B5K0660",50,1,-0.5,8.98333333333333,0,1898,"B12023"
"B5K0661",65,1,-0.5,3.46666666666667,0,2048,"C12023"
"B5K0662",33,1,0.5,9.2,0,1913,"B22023"
"B5K0662",66,2,0.5,6.48333333333333,0,2523,"B22024"
"B5K0667",54,1,-0.5,3.71666666666667,0,2456,"C22024"
"B5K0674",47,1,-0.5,7.43333333333333,0,2247,"F12023"
"B5K0689",45,1,-0.5,5.78333333333333,0,2017,"C12023"
"B5K0718",83,1,-0.5,5.55,0,2289,"F22023"
"B5K0766",77,2,0.5,3.56666666666667,0,2625,"F22024"
"B5K0766",62,1,0.5,4.18333333333333,0,2278,"F22023"
"B5K0767",50,1,0.5,4.73333333333333,0,2273,"F22023"
"B5K0907",50,1,0.5,2.71666666666667,0,2440,"C12024"
"B5K0920",39,1,0.5,8.1,0,2772,"D22024"
"B5K0921",87,1,-0.5,2.56666666666667,0,2387,"A22024"
"B5K0922",2,1,0.5,2.83333333333333,0,2387,"A22024"
"B5K0935",56,2,0.5,6.88333333333333,0,2891,"B12025"
"B5K0935",24,1,0.5,2.96666666666667,0,2533,"B12024"
"B5K0936",37,1,-0.5,3.06666666666667,0,2552,"B12024"
"B5K0945",47,1,0.5,4.56666666666667,0,2542,"B22024"
"B5K0945",77,2,0.5,4.23333333333333,0,2920,"B22025"
"B5K0946",53,1,NA,NA,NA,NA,NA
"B5K0946",94,2,-0.5,5.11666666666667,0,2806,"B22024"
"B5K0946",91,3,-0.5,8.63333333333333,0,2929,"B22025"
"B5K0955",44,2,0.5,5.73333333333333,0,2862,"B12025"
"B5K0955",56,1,0.5,8.53333333333333,0,2490,"B12024"
"B5K0991",42,1,-0.5,6.06666666666667,0,2426,"C12024"
"B5K1091",2,1,0.5,2.21666666666667,0,2430,"C12024"
"B5K1204",65,1,-0.5,10.05,0,2784,"D22024"
"B5K1207",33,1,-0.5,7.86666666666667,0,2726,"D12024"
"B5K1208",23,1,0.5,2.63333333333333,0,2498,"B22024"
"B5K1208",46,2,0.5,6.68333333333333,0,2897,"B22025"
"B5K1339",63,1,-0.5,5.71666666666667,0,2253,"F12023"
"B5K1352",38,1,-0.5,3.21666666666667,0,2135,"D22023"
"B5K1353",47,1,0.5,2.88333333333333,0,2037,"C12023"
"B5K1354",76,1,-0.5,3.33333333333333,0,2037,"C12023"
"B5K1356",54,2,-0.5,3.43333333333333,0,2403,"A22024"
"B5K1356",46,1,-0.5,4.78333333333333,0,1874,"A22023"
"B5K1382",92,2,-0.5,4,0,2990,"C12025"
"B5K1382",26,1,-0.5,2.81666666666667,0,2472,"C12024"
"B5K1403",80,1,-0.5,3.3,0,2439,"C12024"
"B5K1436",74,1,-0.5,4.26666666666667,0,2542,"B22024"
"B5K1450",66,1,0.5,4.63333333333333,0,2253,"F12023"
"B5K1456",44,1,-0.5,3.4,0,2309,"F22023"
"B5K1464",78,2,0.5,5.15,0,2731,"D12024"
"B5K1464",38,1,0.5,7.86666666666667,0,2075,"D12023"
"B5K1466",66,1,-0.5,3.43333333333333,0,2273,"F22023"
"C3F5930",85,2,0.5,8.61666666666667,1,1409,"B12022"
"C3F5930",78,1,0.5,2.85,1,430,"B12020"
"C3F5930",50,3,0.5,11.3333333333333,1,1928,"B12023"
"C3F5942",48,2,0.5,3.7,1,1784,"D12022"
"C3F5942",105,3,0.5,10.6833333333333,1,2087,"D12023"
"C3F5942",102,1,0.5,3.08333333333333,1,1055,"D12021"
"C3F6157",69,1,0.5,7.91666666666667,1,435,"B12020"
"C3F6158",13,2,0.5,2.78333333333333,1,1996,"C12023"
"C3F6158",62,3,0.5,4.96666666666667,1,2952,"C12025"
"C3F6158",63,1,0.5,3.4,1,1261,"C12021"
"C3F6873",81,3,-0.5,8.71666666666667,1,1487,"C12022"
"C3F6873",16,4,-0.5,8.11666666666667,1,2034,"C12023"
"C3F6873",48,1,-0.5,3.81666666666667,1,508,"C12020"
"C3F6873",70,2,-0.5,5.56666666666667,1,980,"C12021"
"C3F7186",74,3,0.5,6.26666666666667,1,2130,"D22023"
"C3F7186",121,2,0.5,5.38333333333333,1,1605,"D22022"
"C3F7186",38,1,0.5,2.43333333333333,1,588,"D22020"
"C3F7357",35,2,0.5,5.56666666666667,1,2228,"F12023"
"C3F7357",72,1,0.5,3.1,1,1696,"F12022"
"C3F7359",79,2,0.5,2.7,1,2582,"F12024"
"C3F7359",67,1,0.5,4.68333333333333,1,1687,"F12022"
"C3F7370",85,3,-0.5,7.91666666666667,1,2239,"F12023"
"C3F7370",75,2,-0.5,4.9,1,1700,"F12022"
"C3F7370",37,1,-0.5,6.11666666666667,1,1216,"F12021"
"C3F7376",105,1,-0.5,7.68333333333333,1,2103,"D22023"
"C3F7381",55,1,-0.5,2.65,1,2418,"A22024"
"C3F7391",48,1,0.5,3.76666666666667,1,2606,"F22024"
"C3F7402",92,3,-0.5,3.38333333333333,1,2565,"B12024"
"C3F7402",78,2,-0.5,2.56666666666667,1,1982,"B22023"
"C3F7402",62,1,-0.5,4.86666666666667,1,1435,"B22022"
"C3F7406",90,2,-0.5,4,1,2923,"B22025"
"C3F7406",62,1,-0.5,4.93333333333333,1,1408,"B22022"
"C3F7410",87,1,-0.5,2.71666666666667,1,2499,"B22024"
"C3F7410",92,2,-0.5,4.21666666666667,1,2898,"B22025"
"C3F7416",16,2,0.5,2.95,1,2034,"C12023"
"C3F7416",62,1,0.5,8,1,1487,"C12022"
"C3F7416",41,3,0.5,3.35,1,2459,"C12024"
"C3F7417",71,2,-0.5,6.13333333333333,1,2272,"F22023"
"C3F7417",46,1,-0.5,3.9,1,1726,"F22022"
"C3F7421",63,1,0.5,6.75,1,2283,"F22023"
"C3F7427",53,1,-0.5,8.05,1,2283,"F22023"
"C3F7427",65,2,-0.5,2.9,1,2638,"F22024"
"C3F7436",46,1,0.5,3.11666666666667,1,2195,"E22023"
"C3F7441",83,2,0.5,3.2,1,1981,"B12023"
"C3F7441",85,1,0.5,6.11666666666667,1,1432,"B22022"
"C3F7445",38,1,-0.5,5.75,1,1523,"C22022"
"C3F7445",81,2,-0.5,4.5,1,2060,"C22023"
"C3F7448",65,1,0.5,4.6,1,2055,"C22023"
"C3F7460",66,2,0.5,6.28333333333333,1,2474,"C12024"
"C3F7460",67,3,0.5,4.96666666666667,1,3002,"C12025"
"C3F7460",63,1,0.5,6.3,1,1506,"C12022"
"C3F7517",57,1,0.5,2.38333333333333,1,1944,"B12023"
"C3F7525",93,1,0.5,3.43333333333333,1,2479,"C22024"
"C3F7529",15,1,-0.5,2.36666666666667,1,1983,"C12023"
"C3F7534",6,2,0.5,2.91666666666667,1,2442,"C12024"
"C3F7534",20,1,0.5,2.16666666666667,1,2011,"C12023"
"C3F7551",72,1,0.5,8.43333333333333,1,2511,"B12024"
"C3F7557",81,1,0.5,5,1,2270,"F22023"
"C3F7585",82,1,0.5,5.45,1,1873,"A22023"
"C3F7638",93,2,0.5,6.53333333333333,1,1374,"B12022"
"C3F7638",99,1,0.5,3.21666666666667,1,875,"B12021"
"C3F7649",57,2,0.5,4.1,1,1435,"B22022"
"C3F7649",71,3,0.5,2.06666666666667,1,1982,"B22023"
"C3F7649",67,1,0.5,2.95,1,952,"B22021"
"C3F7652",56,2,-0.5,8.56666666666667,1,2126,"D22023"
"C3F7652",57,1,-0.5,2.75,1,1108,"D22021"
"C3F7703",33,4,0.5,2.63333333333333,1,1941,"B12023"
"C3F7703",70,5,0.5,3.06666666666667,1,2540,"B12024"
"C3F7703",70,2,0.5,3.93333333333333,1,902,"B12021"
"C3F7703",56,1,0.5,7.56666666666667,1,449,"B22020"
"C3F7703",73,3,0.5,3.01666666666667,1,1418,"B22022"
"C3F7744",84,2,-0.5,6,1,2268,"F22023"
"C3F7744",69,1,-0.5,4.55,1,1710,"F12022"
"C3F7764",37,2,0.5,1.85,1,2234,"F12023"
"C3F7764",57,1,0.5,2.91666666666667,1,1695,"F12022"
"C3F7854",70,2,0.5,5.48333333333333,1,2105,"D22023"
"C3F7854",50,1,0.5,2.93333333333333,1,1058,"D12021"
"C3M0258",31,1,0.5,4.05,1,1469,"C22022"
"C3M0258",70,3,0.5,2.3,1,2974,"C22025"
"C3M0258",63,2,0.5,7.43333333333333,1,2019,"C22023"
"C3M0269",90,4,0.5,4.43333333333333,1,2580,"F12024"
"C3M0269",76,3,0.5,5.1,1,2231,"F12023"
"C3M0269",74,2,0.5,2.86666666666667,1,1772,"F12022"
"C3M0269",29,1,0.5,3.91666666666667,1,1193,"F12021"
"C3M0319",72,2,0.5,5.58333333333333,1,2757,"D12024"
"C3M0319",51,1,0.5,8.38333333333333,1,2103,"D22023"
"C3M0335",68,2,-0.5,4,1,2053,"C22023"
"C3M0335",42,1,-0.5,7.31666666666667,1,1022,"C12021"
"C3M0342",63,2,-0.5,4.78333333333333,1,1423,"B22022"
"C3M0342",59,1,-0.5,3.53333333333333,1,902,"B12021"
"C3M0348",57,1,0.5,2.05,1,1983,"C12023"
"C3M0469",34,1,-0.5,1.95,1,1611,"E12022"
"C3M0475",75,1,-0.5,7.78333333333333,1,2136,"D22023"
"C3M0475",78,2,-0.5,4.38333333333333,1,2792,"D22024"
"C3M0787",84,1,-0.5,3.31666666666667,1,1074,"D12021"
"C3M0787",78,2,-0.5,2.5,1,2087,"D12023"
"C5A0059",44,1,0.5,7.66666666666667,1,2272,"F22023"
"C5A0372",90,1,-0.5,5.26666666666667,1,1411,"B12022"
"C5A0372",71,2,-0.5,2.71666666666667,1,1944,"B12023"
"C5A0376",89,1,0.5,5.23333333333333,1,2491,"B12024"
"C5A0386",56,2,-0.5,7.18333333333333,1,1928,"B12023"
"C5A0386",84,1,-0.5,8.51666666666667,1,1395,"B12022"
"C5A0443",74,2,0.5,8.86666666666667,1,1413,"B12022"
"C5A0443",51,3,0.5,3.23333333333333,1,1948,"B12023"
"C5A0443",31,1,0.5,5.25,1,922,"B12021"
"C5A0443",58,4,0.5,5.31666666666667,1,2915,"B12025"
"C5A0452",49,3,-0.5,9.46666666666667,1,2046,"C22023"
"C5A0452",55,2,-0.5,9.55,1,1502,"C22022"
"C5A0452",48,1,-0.5,8.36666666666667,1,1001,"C22021"
"C5A0540",65,1,0.5,2.98333333333333,1,1423,"B22022"
"C5A0627",27,1,-0.5,2.11666666666667,1,1518,"C22022"
"C5A0627",45,2,-0.5,3.41666666666667,1,2064,"C22023"
"C5A0679",97,2,-0.5,2.91666666666667,1,2026,"C22023"
"C5A0679",84,1,-0.5,5.2,1,1478,"C22022"
"C5A0754",46,1,-0.5,3.15,1,2200,"E22023"
"C5A0759",24,1,0.5,2.53333333333333,1,2200,"E22023"
"C5A0763",5,1,-0.5,2.65,1,2217,"E22023"
"C5A0766",50,1,-0.5,5.8,1,1311,"A12022"
"C5A0766",48,2,-0.5,6,1,1815,"A12023"
"C5A0796",76,1,-0.5,5.85,1,2270,"F22023"
"C5A0855",51,1,0.5,2.66666666666667,1,2308,"F22023"
"C5A0901",84,1,0.5,7.65,1,536,"C22020"
"C5A0901",21,2,0.5,2.31666666666667,1,2064,"C22023"
"C5A0901",34,3,0.5,3.95,1,2484,"C12024"
"C5A0904",47,1,0.5,2.83333333333333,1,553,"D12020"
"C5A0904",30,4,0.5,5.96666666666667,1,2102,"D12023"
"C5A0904",44,2,0.5,6.35,1,1047,"D12021"
"C5A0904",62,3,0.5,8.9,1,1546,"D12022"
"C5A0924",75,1,-0.5,7.91666666666667,1,1016,"C22021"
"C5A0924",84,2,-0.5,4.31666666666667,1,2044,"C22023"
"C5A0931",76,1,0.5,2.66666666666667,1,2100,"D12023"
"C5A0962",45,1,-0.5,4.35,1,2434,"C22024"
"C5A0963",69,3,-0.5,9.2,1,2006,"C22023"
"C5A0963",58,1,-0.5,3.55,1,973,"C22021"
"C5A0963",70,2,-0.5,4.16666666666667,1,1469,"C22022"
"C5H7001",94,1,0.5,2.71666666666667,1,2026,"C22023"
"C5H7002",77,3,0.5,4.83333333333333,1,2923,"B22025"
"C5H7002",54,1,0.5,3.88333333333333,1,1933,"B22023"
"C5H7002",51,2,0.5,4.65,1,2545,"B22024"
"C5H7003",43,1,-0.5,2.31666666666667,1,2033,"C12023"
"C5H7025",50,1,0.5,2.53333333333333,1,2127,"D22023"
"C5H7025",65,2,0.5,10.2166666666667,1,2786,"D22024"
"C5H7027",47,1,0.5,2.28333333333333,1,2028,"C22023"
"C5H7027",51,2,0.5,2.83333333333333,1,2464,"C22024"
"C5H7027",81,3,0.5,8.31666666666667,1,2991,"C22025"
"C5H7028",77,1,-0.5,2.81666666666667,1,2028,"C22023"
"C5H7029",47,1,0.5,3.08333333333333,1,2033,"C12023"
"C5H7039",38,1,-0.5,2.16666666666667,1,2110,"D22023"
"C5H7040",54,1,0.5,4.01666666666667,1,2114,"D22023"
"C5H7040",51,2,0.5,4.53333333333333,1,2755,"D12024"
"C5H7054",30,1,0.5,5.65,1,1837,"A12023"
"C5H7063",2,2,-0.5,4.28333333333333,1,2354,"A12024"
"C5H7063",73,1,-0.5,3.31666666666667,1,1821,"A12023"
"C5H7064",85,1,0.5,6.31666666666667,1,2009,"C12023"
"C5H7065",73,1,-0.5,6.55,1,2063,"C12023"
"C5H7081",6,1,0.5,8.05,1,2276,"F22023"
"C5H7082",82,2,-0.5,3.33333333333333,1,2623,"F22024"
"C5H7082",76,1,-0.5,9.18333333333333,1,2276,"F22023"
"C5H7087",75,1,0.5,3.78333333333333,1,2444,"C12024"
"C5H7101",80,2,0.5,3.08333333333333,1,2457,"C12024"
"C5H7101",72,1,0.5,3.01666666666667,1,2016,"C12023"
"C5H7114",64,1,0.5,3.3,1,2124,"D22023"
"C5H7115",86,2,-0.5,3.15,1,2760,"D22024"
"C5H7115",79,1,-0.5,6.01666666666667,1,2105,"D22023"
"C5H7139",74,1,-0.5,2.33333333333333,1,2113,"D22023"
"C5H7141",64,1,-0.5,6.3,1,2310,"F22023"
"C5H7142",40,1,0.5,6.55,1,2287,"F22023"
"C5H7143",2,2,0.5,6.53333333333333,1,2652,"F22024"
"C5H7143",70,1,0.5,7.11666666666667,1,2310,"F22023"
"C5H7144",72,1,0.5,10.0333333333333,1,2138,"E12023"
"C5H7147",50,1,0.5,2.41666666666667,1,2418,"A22024"
"C5H7147",57,2,0.5,2.68333333333333,1,3241,"A22025"
"C5H7150",63,1,-0.5,2.3,1,2202,"E22023"
"C5H7151",47,2,0.5,4.68333333333333,1,2344,"A12024"
"C5H7151",45,1,0.5,6.4,1,1833,"A12023"
"C5H7208",65,1,-0.5,7.38333333333333,1,1905,"B22023"
"C5H7209",37,1,0.5,3.26666666666667,1,2074,"D12023"
"C5H7213",89,1,-0.5,6.03333333333333,1,2114,"D22023"
"C5H7213",78,2,-0.5,4.81666666666667,1,2755,"D12024"
"C5H7214",41,2,-0.5,5.15,1,2757,"D12024"
"C5H7214",46,1,-0.5,6.45,1,2313,"D22023"
"C5H7228",83,1,0.5,3.4,1,2121,"D22023"
"C5H7237",78,1,0.5,4.56666666666667,1,2290,"F22023"
"C5H7238",108,1,-0.5,4.56666666666667,1,2290,"F22023"
"C5H7260",39,1,0.5,3.26666666666667,1,1984,"C12023"
"C5H7269",66,1,-0.5,2.53333333333333,1,2210,"E22023"
"C5H7270",44,1,0.5,2.75,1,2219,"E22023"
"C5H7271",71,1,-0.5,3.93333333333333,1,2219,"E22023"
"C5H7276",53,1,-0.5,10.2,1,2144,"E12023"
"C5H7276",53,2,-0.5,3.8,1,2658,"E12024"
"C5H7278",76,2,-0.5,5.21666666666667,1,2364,"A12024"
"C5H7278",53,1,-0.5,11.9833333333333,1,2153,"E12023"
"C5H7279",55,1,-0.5,6.1,1,1833,"A12023"
"C5H7301",42,2,0.5,3.48333333333333,1,2354,"A12024"
"C5H7301",34,1,0.5,2.23333333333333,1,1839,"A12023"
"C5H7303",36,1,0.5,4.06666666666667,1,1819,"A12023"
"C5H7338",81,1,0.5,3.1,1,1854,"A22023"
"C5H7342",73,1,-0.5,10.1333333333333,1,2164,"E12023"
"C5H7343",68,1,0.5,2.15,1,2245,"F12023"
"C5H7355",68,2,-0.5,5.05,1,2484,"C12024"
"C5H7355",55,1,-0.5,3.43333333333333,1,2066,"C22023"
"C5H7363",71,1,0.5,7.2,1,1994,"C12023"
"C5H7364",86,1,-0.5,4.03333333333333,1,1889,"A22023"
"C5H7386",59,1,-0.5,2.68333333333333,1,2300,"F22023"
"C5H7401",71,1,0.5,5.23333333333333,1,2268,"F22023"
"C5H7402",48,1,-0.5,5.33333333333333,1,2263,"F22023"
"C5H7417",101,1,-0.5,5.86666666666667,1,2234,"F12023"
"C5H7418",67,1,0.5,9.81666666666667,1,2043,"C22023"
"C5H7427",73,1,-0.5,3.31666666666667,1,2040,"C22023"
"C5H7428",75,1,0.5,3.85,1,2044,"C22023"
"C5H7429",36,1,0.5,4.93333333333333,1,2040,"C22023"
"C5H7443",40,1,0.5,2.75,1,2292,"F22023"
"C5H7450",64,1,-0.5,7,1,2018,"C12023"
"C5H7460",31,1,0.5,3.61666666666667,1,2297,"F22023"
"C5H7460",75,2,0.5,3.88333333333333,1,2626,"F22024"
"C5H7461",86,1,-0.5,2.9,1,2042,"C22023"
"C5H7471",70,1,-0.5,3.63333333333333,1,2055,"C22023"
"C5H7481",70,1,-0.5,2.88333333333333,1,2220,"E22023"
"C5H7482",68,1,-0.5,5.11666666666667,1,2197,"E22023"
"C5H7502",77,1,-0.5,8.16666666666667,1,2425,"C12024"
"C5H7503",116,1,-0.5,6.73333333333333,1,2464,"C22024"
"C5H7514",63,1,0.5,5.21666666666667,1,2642,"F22024"
"C5H7521",86,2,-0.5,8.78333333333333,1,2886,"B12025"
"C5H7521",91,1,-0.5,4.16666666666667,1,2537,"B12024"
"C5H7522",57,1,0.5,5,1,2537,"B12024"
"C5H7542",110,1,-0.5,3.15,1,2459,"C12024"
"C5H7604",61,1,0.5,9.3,1,2126,"D22023"
"C5H7604",79,2,0.5,5.16666666666667,1,2782,"D22024"
"C5H7605",37,1,0.5,2.9,1,2013,"C12023"
"C5H7608",114,1,0.5,3.11666666666667,1,2136,"D22023"
"C5H7610",86,1,-0.5,3.2,1,2161,"E12023"
"C5H7650",73,2,0.5,4.18333333333333,1,2672,"E12024"
"C5H7650",74,1,0.5,3.23333333333333,1,2170,"E12023"
"C5H7651",35,1,-0.5,3.9,1,2170,"E12023"
"C5H7694",66,1,-0.5,4.48333333333333,1,2377,"A12024"
"C5H7697",91,1,-0.5,3.61666666666667,1,2621,"F22024"
"C5H7719",60,1,-0.5,2.68333333333333,1,2004,"C22023"
"C5H7730",56,1,-0.5,2.18333333333333,1,2725,"D12024"
"C5H7861",33,1,0.5,3.1,1,2206,"E22023"
"C5H7865",81,1,0.5,4.6,1,2779,"D22024"
"C5H7878",67,1,-0.5,4,1,2321,"F22023"
"C5H7903",108,1,0.5,7.91666666666667,1,2783,"D22024"
"C5H7909",88,1,-0.5,6.78333333333333,1,2411,"A22024"
"C5H7912",66,1,-0.5,5.11666666666667,1,2543,"B22024"
"C5H7924",40,1,0.5,3.35,1,2567,"B12024"
"C5H7925",86,1,-0.5,3.65,1,2567,"B12024"
"C5H8001",75,1,-0.5,3.08333333333333,1,2212,"E22023"
"C5H8009",98,1,-0.5,2.96666666666667,1,1981,"B12023"
"C5H8133",74,1,-0.5,3.43333333333333,1,2446,"C12024"
"C5H8134",114,2,-0.5,4.15,1,3002,"C12025"
"C5H8134",86,1,-0.5,5.48333333333333,1,2474,"C12024"
"C5H8207",83,1,-0.5,10.5833333333333,1,2786,"D22024"
"C5H8208",79,1,0.5,3.4,1,2790,"D22024"
"C5H8210",83,1,0.5,3.76666666666667,1,2760,"D22024"
"C5H8220",90,1,-0.5,7.63333333333333,1,2602,"F12024"
"C5H8239",35,1,-0.5,5.25,1,2473,"C12024"
"C5H8342",68,1,0.5,3.11666666666667,1,2623,"F22024"
"C5H8347",62,1,0.5,4.1,1,1880,"A22023"
"C5H8348",56,1,-0.5,6.65,1,1897,"A22023"
"C5H8366",83,1,-0.5,3.11666666666667,1,1890,"A22023"
"C5H8386",4,2,-0.5,4.53333333333333,1,2642,"F22024"
"C5H8386",63,1,-0.5,3.68333333333333,1,2306,"F22023"
"C5H8402",96,1,0.5,8.11666666666667,1,2217,"E22023"
"C5H8432",69,1,-0.5,3.13333333333333,1,2214,"E22023"
"C5H8433",61,1,0.5,3.8,1,2214,"E22023"
"C5H8446",77,1,-0.5,3.23333333333333,1,2231,"F12023"
"C5H8446",42,2,-0.5,3.76666666666667,1,2580,"F12024"
"CS87056",53,1,-0.5,3.75,1,2125,"D22023"
"CS87061",108,2,-0.5,4.21666666666667,1,2545,"B22024"
"CS87061",99,1,-0.5,4.48333333333333,1,1933,"B22023"
"CS87091",51,1,0.5,6.51666666666667,1,2261,"F22023"
"CS87131",36,1,0.5,7.95,1,2181,"E22023"
"CS87156",46,1,0.5,5.61666666666667,1,2185,"E22023"
"CS87432",64,3,-0.5,2.26666666666667,1,2540,"B12024"
"CS87432",78,1,-0.5,2.2,1,1418,"B22022"
"CS87432",69,2,-0.5,3.7,1,1941,"B12023"
"CS87446",70,1,0.5,2.5,1,2252,"F12023"
"CS87446",71,2,0.5,7.31666666666667,1,2600,"F12024"
"CS87448",57,1,-0.5,4.73333333333333,1,2077,"D12023"
"CS87455",71,1,0.5,5.13333333333333,1,1815,"A12023"
"CS87457",53,1,0.5,3.38333333333333,1,2220,"E22023"
"CS87466",70,1,0.5,2.78333333333333,1,1821,"A12023"
"CS87493",71,1,0.5,10.7833333333333,1,1813,"A12023"
"CS87499",44,4,0.5,5.05,1,3130,"F12025"
"CS87499",63,3,0.5,7.31666666666667,1,2602,"F12024"
"CS87499",42,2,0.5,8.86666666666667,1,2239,"F12023"
"CS87499",61,1,0.5,4.21666666666667,1,1700,"F12022"
"CS87503",33,3,-0.5,7.93333333333333,1,3026,"E12025"
"CS87503",42,1,-0.5,3.56666666666667,1,1839,"A12023"
"CS87503",15,2,-0.5,4.61666666666667,1,2358,"A12024"
"CS87512",58,2,-0.5,3.81666666666667,1,2457,"C12024"
"CS87512",24,1,-0.5,3.7,1,2016,"C12023"
"CS87527",53,2,0.5,4,1,2302,"F22023"
"CS87527",50,1,0.5,6,1,1743,"F22022"
"CS87527",23,3,0.5,3.66666666666667,1,2621,"F22024"
"CS87545",73,1,0.5,2.76666666666667,1,1779,"E22022"
"CS87563",51,1,-0.5,2.55,1,1708,"F12022"
"CS87563",46,2,-0.5,3.36666666666667,1,2296,"F22023"
"CS87569",59,2,0.5,3.4,1,2401,"A22024"
"CS87569",50,1,0.5,4.66666666666667,1,1871,"A22023"
"CS87582",34,1,-0.5,5.25,1,2442,"C12024"
"CS87586",61,1,-0.5,4.6,1,2491,"B12024"
"CS87902",3,3,-0.5,5.15,1,2433,"C12024"
"CS87902",64,1,-0.5,7.95,1,1454,"C12022"
"CS87902",106,2,-0.5,4.08333333333333,1,2000,"C12023"
"CS87925",82,2,-0.5,5.46666666666667,1,2608,"F22024"
"CS87925",85,1,-0.5,7.25,1,2274,"F22023"
"CS87928",38,1,0.5,3.86666666666667,1,1346,"A22022"
"CS87928",62,2,0.5,8.98333333333333,1,1886,"A22023"
"CS87929",32,1,-0.5,4.25,1,1346,"A22022"
"CS87929",64,2,-0.5,9.71666666666667,1,1886,"A22023"
"CS87948",94,1,-0.5,3.1,1,1746,"F22022"
"CS87970",89,2,0.5,5.7,1,2187,"E22023"
"CS87970",63,1,0.5,2.76666666666667,1,1634,"E12022"
"CS87979",79,1,0.5,2.41666666666667,1,1317,"A12022"
