"BroodID","year","weight","brood_size","TimeAfterSunrise","Doublebox","Species","TreatmentB","TreatmentG","Ha","Type","SPY","Subplot"
1813,2023,14.79,7,5.45,0,"G",0,0,6.91,"chick2","A12023","A1"
1813,2023,15.16,7,5.45,0,"G",0,0,6.91,"chick2","A12023","A1"
1813,2023,15.98,7,5.45,0,"G",0,0,6.91,"chick2","A12023","A1"
1813,2023,16.23,7,5.45,0,"G",0,0,6.91,"chick2","A12023","A1"
1813,2023,14.85,7,5.45,0,"G",0,0,6.91,"chick2","A12023","A1"
1813,2023,14.47,7,5.45,0,"G",0,0,6.91,"chick2","A12023","A1"
1813,2023,13.9,7,5.45,0,"G",0,0,6.91,"chick2","A12023","A1"
1819,2023,16.2,5,1.88333333333333,0,"G",0,0,6.91,"chick2","A12023","A1"
1819,2023,16.23,5,1.88333333333333,0,"G",0,0,6.91,"chick2","A12023","A1"
1819,2023,17.02,5,1.88333333333333,0,"G",0,0,6.91,"chick2","A12023","A1"
1819,2023,15.23,5,1.88333333333333,0,"G",0,0,6.91,"chick2","A12023","A1"
1819,2023,15.85,5,1.88333333333333,0,"G",0,0,6.91,"chick2","A12023","A1"
1832,2023,11.26,8,6.36666666666667,0,"B",0,0,6.91,"chick2","A12023","A1"
1832,2023,11.55,8,6.36666666666667,0,"B",0,0,6.91,"chick2","A12023","A1"
1832,2023,11.74,8,6.36666666666667,0,"B",0,0,6.91,"chick2","A12023","A1"
1832,2023,11.57,8,6.36666666666667,0,"B",0,0,6.91,"chick2","A12023","A1"
1832,2023,10.82,8,6.36666666666667,0,"B",0,0,6.91,"chick2","A12023","A1"
1832,2023,11.1,8,6.36666666666667,0,"B",0,0,6.91,"chick2","A12023","A1"
1832,2023,11.32,8,6.36666666666667,0,"B",0,0,6.91,"chick2","A12023","A1"
1832,2023,11.51,8,6.36666666666667,0,"B",0,0,6.91,"chick2","A12023","A1"
1833,2023,17.27,7,5.53333333333333,0,"G",0,0,6.91,"chick2","A12023","A1"
1833,2023,10.47,7,5.53333333333333,0,"G",0,0,6.91,"chick2","A12023","A1"
1833,2023,17.82,7,5.53333333333333,0,"G",0,0,6.91,"chick2","A12023","A1"
1833,2023,16.49,7,5.53333333333333,0,"G",0,0,6.91,"chick2","A12023","A1"
1833,2023,13.83,7,5.53333333333333,0,"G",0,0,6.91,"chick2","A12023","A1"
1833,2023,16.11,7,5.53333333333333,0,"G",0,0,6.91,"chick2","A12023","A1"
1833,2023,17.14,7,5.53333333333333,0,"G",0,0,6.91,"chick2","A12023","A1"
1837,2023,14.14,7,2.85,0,"G",0,0,6.91,"chick2","A12023","A1"
1837,2023,13.98,7,2.85,0,"G",0,0,6.91,"chick2","A12023","A1"
1837,2023,15.13,7,2.85,0,"G",0,0,6.91,"chick2","A12023","A1"
1837,2023,14.45,7,2.85,0,"G",0,0,6.91,"chick2","A12023","A1"
1837,2023,14.87,7,2.85,0,"G",0,0,6.91,"chick2","A12023","A1"
1837,2023,12.08,7,2.85,0,"G",0,0,6.91,"chick2","A12023","A1"
1837,2023,14.14,7,2.85,0,"G",0,0,6.91,"chick2","A12023","A1"
1854,2023,19,5,10.4833333333333,0,"G",0,1,6.38,"chick2","A22023","A2"
1854,2023,19.34,5,10.4833333333333,0,"G",0,1,6.38,"chick2","A22023","A2"
1854,2023,18.9,5,10.4833333333333,0,"G",0,1,6.38,"chick2","A22023","A2"
1854,2023,19.69,5,10.4833333333333,0,"G",0,1,6.38,"chick2","A22023","A2"
1854,2023,10.34,5,10.4833333333333,0,"G",0,1,6.38,"chick2","A22023","A2"
1856,2023,11.07,5,4.31666666666667,0,"B",0,1,6.38,"chick2","A22023","A2"
1856,2023,11.89,5,4.31666666666667,0,"B",0,1,6.38,"chick2","A22023","A2"
1856,2023,11.83,5,4.31666666666667,0,"B",0,1,6.38,"chick2","A22023","A2"
1856,2023,10.88,5,4.31666666666667,0,"B",0,1,6.38,"chick2","A22023","A2"
1856,2023,10.46,5,4.31666666666667,0,"B",0,1,6.38,"chick2","A22023","A2"
1863,2023,7.26,5,5,0,"B",0,1,6.38,"chick2","A22023","A2"
1863,2023,7.13,5,5,0,"B",0,1,6.38,"chick2","A22023","A2"
1863,2023,7.77,5,5,0,"B",0,1,6.38,"chick2","A22023","A2"
1863,2023,7.02,5,5,0,"B",0,1,6.38,"chick2","A22023","A2"
1863,2023,8.2,5,5,0,"B",0,1,6.38,"chick2","A22023","A2"
1871,2023,18.23,5,12.45,0,"G",0,1,6.38,"chick2","A22023","A2"
1871,2023,17.51,5,12.45,0,"G",0,1,6.38,"chick2","A22023","A2"
1871,2023,16.88,5,12.45,0,"G",0,1,6.38,"chick2","A22023","A2"
1871,2023,14.32,5,12.45,0,"G",0,1,6.38,"chick2","A22023","A2"
1871,2023,16.43,5,12.45,0,"G",0,1,6.38,"chick2","A22023","A2"
1873,2023,16.36,6,10.6666666666667,0,"G",0,1,6.38,"chick2","A22023","A2"
1873,2023,18.04,6,10.6666666666667,0,"G",0,1,6.38,"chick2","A22023","A2"
1873,2023,16.68,6,10.6666666666667,0,"G",0,1,6.38,"chick2","A22023","A2"
1873,2023,16.6,6,10.6666666666667,0,"G",0,1,6.38,"chick2","A22023","A2"
1873,2023,17.88,6,10.6666666666667,0,"G",0,1,6.38,"chick2","A22023","A2"
1873,2023,15.63,6,10.6666666666667,0,"G",0,1,6.38,"chick2","A22023","A2"
1890,2023,16.64,6,6.26666666666667,0,"G",0,1,6.38,"chick2","A22023","A2"
1890,2023,16.36,6,6.26666666666667,0,"G",0,1,6.38,"chick2","A22023","A2"
1890,2023,15.54,6,6.26666666666667,0,"G",0,1,6.38,"chick2","A22023","A2"
1890,2023,17.76,6,6.26666666666667,0,"G",0,1,6.38,"chick2","A22023","A2"
1890,2023,16.26,6,6.26666666666667,0,"G",0,1,6.38,"chick2","A22023","A2"
1890,2023,18.02,6,6.26666666666667,0,"G",0,1,6.38,"chick2","A22023","A2"
1898,2023,10.89,7,11.6666666666667,0,"B",0,0,5.98,"chick2","B12023","B1"
1898,2023,11.63,7,11.6666666666667,0,"B",0,0,5.98,"chick2","B12023","B1"
1898,2023,10.72,7,11.6666666666667,0,"B",0,0,5.98,"chick2","B12023","B1"
1898,2023,10.7,7,11.6666666666667,0,"B",0,0,5.98,"chick2","B12023","B1"
1898,2023,11.14,7,11.6666666666667,0,"B",0,0,5.98,"chick2","B12023","B1"
1898,2023,11.61,7,11.6666666666667,0,"B",0,0,5.98,"chick2","B12023","B1"
1898,2023,11.81,7,11.6666666666667,0,"B",0,0,5.98,"chick2","B12023","B1"
1900,2023,10.17,9,8.93333333333333,0,"B",0,0,5.98,"chick2","B12023","B1"
1900,2023,10.35,9,8.93333333333333,0,"B",0,0,5.98,"chick2","B12023","B1"
1900,2023,11.08,9,8.93333333333333,0,"B",0,0,5.98,"chick2","B12023","B1"
1900,2023,10.36,9,8.93333333333333,0,"B",0,0,5.98,"chick2","B12023","B1"
1900,2023,11.26,9,8.93333333333333,0,"B",0,0,5.98,"chick2","B12023","B1"
1900,2023,10.46,9,8.93333333333333,0,"B",0,0,5.98,"chick2","B12023","B1"
1900,2023,11.11,9,8.93333333333333,0,"B",0,0,5.98,"chick2","B12023","B1"
1900,2023,10.19,9,8.93333333333333,0,"B",0,0,5.98,"chick2","B12023","B1"
1900,2023,10.46,9,8.93333333333333,0,"B",0,0,5.98,"chick2","B12023","B1"
1902,2023,10.5,7,12.1333333333333,0,"B",0,0,5.98,"chick2","B12023","B1"
1902,2023,10.7,7,12.1333333333333,0,"B",0,0,5.98,"chick2","B12023","B1"
1902,2023,10.29,7,12.1333333333333,0,"B",0,0,5.98,"chick2","B12023","B1"
1902,2023,11.26,7,12.1333333333333,0,"B",0,0,5.98,"chick2","B12023","B1"
1902,2023,10.93,7,12.1333333333333,0,"B",0,0,5.98,"chick2","B12023","B1"
1902,2023,11.83,7,12.1333333333333,0,"B",0,0,5.98,"chick2","B12023","B1"
1902,2023,11.28,7,12.1333333333333,0,"B",0,0,5.98,"chick2","B12023","B1"
1903,2023,17.3,5,11.15,0,"G",0,0,5.98,"chick2","B12023","B1"
1903,2023,14.53,5,11.15,0,"G",0,0,5.98,"chick2","B12023","B1"
1903,2023,15.2,5,11.15,0,"G",0,0,5.98,"chick2","B12023","B1"
1903,2023,14.64,5,11.15,0,"G",0,0,5.98,"chick2","B12023","B1"
1903,2023,13.65,5,11.15,0,"G",0,0,5.98,"chick2","B12023","B1"
1904,2023,11.87,8,9.45,0,"B",1,0,6.13,"chick2","B22023","B2"
1904,2023,11.03,8,9.45,0,"B",1,0,6.13,"chick2","B22023","B2"
1904,2023,11.03,8,9.45,0,"B",1,0,6.13,"chick2","B22023","B2"
1904,2023,11.4,8,9.45,0,"B",1,0,6.13,"chick2","B22023","B2"
1904,2023,11.89,8,9.45,0,"B",1,0,6.13,"chick2","B22023","B2"
1904,2023,11.49,8,9.45,0,"B",1,0,6.13,"chick2","B22023","B2"
1904,2023,10.58,8,9.45,0,"B",1,0,6.13,"chick2","B22023","B2"
1904,2023,12.08,8,9.45,0,"B",1,0,6.13,"chick2","B22023","B2"
1913,2023,10.96,4,4.73333333333333,0,"B",1,0,6.13,"chick2","B22023","B2"
1913,2023,10.54,4,4.73333333333333,0,"B",1,0,6.13,"chick2","B22023","B2"
1913,2023,10.78,4,4.73333333333333,0,"B",1,0,6.13,"chick2","B22023","B2"
1913,2023,11.01,4,4.73333333333333,0,"B",1,0,6.13,"chick2","B22023","B2"
1914,2023,12.2,4,9.25,0,"B",1,0,6.13,"chick2","B22023","B2"
1914,2023,11.54,4,9.25,0,"B",1,0,6.13,"chick2","B22023","B2"
1914,2023,12.05,4,9.25,0,"B",1,0,6.13,"chick2","B22023","B2"
1914,2023,11.71,4,9.25,0,"B",1,0,6.13,"chick2","B22023","B2"
1926,2023,10.88,3,6.25,0,"B",0,0,5.98,"chick2","B12023","B1"
1926,2023,11.81,3,6.25,0,"B",0,0,5.98,"chick2","B12023","B1"
1926,2023,10.47,3,6.25,0,"B",0,0,5.98,"chick2","B12023","B1"
1928,2023,15.83,5,7.53333333333333,0,"G",0,0,5.98,"chick2","B12023","B1"
1928,2023,16.51,5,7.53333333333333,0,"G",0,0,5.98,"chick2","B12023","B1"
1928,2023,17.03,5,7.53333333333333,0,"G",0,0,5.98,"chick2","B12023","B1"
1928,2023,16.35,5,7.53333333333333,0,"G",0,0,5.98,"chick2","B12023","B1"
1928,2023,14.96,5,7.53333333333333,0,"G",0,0,5.98,"chick2","B12023","B1"
1933,2023,12.86,6,6.36666666666667,0,"G",1,0,6.13,"chick2","B22023","B2"
1933,2023,11.68,6,6.36666666666667,0,"G",1,0,6.13,"chick2","B22023","B2"
1933,2023,14.6,6,6.36666666666667,0,"G",1,0,6.13,"chick2","B22023","B2"
1933,2023,12.86,6,6.36666666666667,0,"G",1,0,6.13,"chick2","B22023","B2"
1933,2023,14.27,6,6.36666666666667,0,"G",1,0,6.13,"chick2","B22023","B2"
1933,2023,14.22,6,6.36666666666667,0,"G",1,0,6.13,"chick2","B22023","B2"
1939,2023,11.99,5,12.2333333333333,0,"B",1,0,6.13,"chick2","B22023","B2"
1939,2023,11.5,5,12.2333333333333,0,"B",1,0,6.13,"chick2","B22023","B2"
1939,2023,13.51,5,12.2333333333333,0,"B",1,0,6.13,"chick2","B22023","B2"
1939,2023,12.76,5,12.2333333333333,0,"B",1,0,6.13,"chick2","B22023","B2"
1939,2023,12.86,5,12.2333333333333,0,"B",1,0,6.13,"chick2","B22023","B2"
1941,2023,15.19,4,6.53333333333333,0,"G",0,0,5.98,"chick2","B12023","B1"
1941,2023,15.28,4,6.53333333333333,0,"G",0,0,5.98,"chick2","B12023","B1"
1941,2023,15.69,4,6.53333333333333,0,"G",0,0,5.98,"chick2","B12023","B1"
1941,2023,13.93,4,6.53333333333333,0,"G",0,0,5.98,"chick2","B12023","B1"
1944,2023,17.61,5,2.63333333333333,0,"G",0,0,5.98,"chick2","B12023","B1"
1944,2023,16.81,5,2.63333333333333,0,"G",0,0,5.98,"chick2","B12023","B1"
1944,2023,15.8,5,2.63333333333333,0,"G",0,0,5.98,"chick2","B12023","B1"
1944,2023,16.27,5,2.63333333333333,0,"G",0,0,5.98,"chick2","B12023","B1"
1944,2023,16.34,5,2.63333333333333,0,"G",0,0,5.98,"chick2","B12023","B1"
1946,2023,12.07,4,9.95,0,"B",0,0,5.98,"chick2","B12023","B1"
1946,2023,12.69,4,9.95,0,"B",0,0,5.98,"chick2","B12023","B1"
1946,2023,11.75,4,9.95,0,"B",0,0,5.98,"chick2","B12023","B1"
1946,2023,11.86,4,9.95,0,"B",0,0,5.98,"chick2","B12023","B1"
1948,2023,15.6,7,5.71666666666667,0,"G",0,0,5.98,"chick2","B12023","B1"
1948,2023,17.76,7,5.71666666666667,0,"G",0,0,5.98,"chick2","B12023","B1"
1948,2023,15.78,7,5.71666666666667,0,"G",0,0,5.98,"chick2","B12023","B1"
1948,2023,15.13,7,5.71666666666667,0,"G",0,0,5.98,"chick2","B12023","B1"
1948,2023,16.32,7,5.71666666666667,0,"G",0,0,5.98,"chick2","B12023","B1"
1948,2023,14.75,7,5.71666666666667,0,"G",0,0,5.98,"chick2","B12023","B1"
1948,2023,16.07,7,5.71666666666667,0,"G",0,0,5.98,"chick2","B12023","B1"
1955,2023,15.8,7,7.5,0,"G",0,0,5.98,"chick2","B12023","B1"
1955,2023,16.71,7,7.5,0,"G",0,0,5.98,"chick2","B12023","B1"
1955,2023,17.91,7,7.5,0,"G",0,0,5.98,"chick2","B12023","B1"
1955,2023,17.4,7,7.5,0,"G",0,0,5.98,"chick2","B12023","B1"
1955,2023,16.63,7,7.5,0,"G",0,0,5.98,"chick2","B12023","B1"
1955,2023,16.75,7,7.5,0,"G",0,0,5.98,"chick2","B12023","B1"
1955,2023,14.28,7,7.5,0,"G",0,0,5.98,"chick2","B12023","B1"
1956,2023,12.08,7,6.6,0,"B",1,0,6.13,"chick2","B22023","B2"
1956,2023,11.83,7,6.6,0,"B",1,0,6.13,"chick2","B22023","B2"
1956,2023,12,7,6.6,0,"B",1,0,6.13,"chick2","B22023","B2"
1956,2023,10.89,7,6.6,0,"B",1,0,6.13,"chick2","B22023","B2"
1956,2023,11.17,7,6.6,0,"B",1,0,6.13,"chick2","B22023","B2"
1956,2023,11.35,7,6.6,0,"B",1,0,6.13,"chick2","B22023","B2"
1956,2023,11.3,7,6.6,0,"B",1,0,6.13,"chick2","B22023","B2"
1958,2023,10.69,10,8.78333333333333,0,"B",1,0,6.13,"chick2","B22023","B2"
1958,2023,9.3,10,8.78333333333333,0,"B",1,0,6.13,"chick2","B22023","B2"
1958,2023,10.29,10,8.78333333333333,0,"B",1,0,6.13,"chick2","B22023","B2"
1958,2023,6.36,10,8.78333333333333,0,"B",1,0,6.13,"chick2","B22023","B2"
1958,2023,11.02,10,8.78333333333333,0,"B",1,0,6.13,"chick2","B22023","B2"
1958,2023,9.89,10,8.78333333333333,0,"B",1,0,6.13,"chick2","B22023","B2"
1958,2023,8.49,10,8.78333333333333,0,"B",1,0,6.13,"chick2","B22023","B2"
1958,2023,9.31,10,8.78333333333333,0,"B",1,0,6.13,"chick2","B22023","B2"
1958,2023,9.91,10,8.78333333333333,0,"B",1,0,6.13,"chick2","B22023","B2"
1958,2023,9.43,10,8.78333333333333,0,"B",1,0,6.13,"chick2","B22023","B2"
1959,2023,16.3,7,11.4,0,"G",1,0,6.13,"chick2","B22023","B2"
1959,2023,17.09,7,11.4,0,"G",1,0,6.13,"chick2","B22023","B2"
1959,2023,17.32,7,11.4,0,"G",1,0,6.13,"chick2","B22023","B2"
1959,2023,17.5,7,11.4,0,"G",1,0,6.13,"chick2","B22023","B2"
1959,2023,16.8,7,11.4,0,"G",1,0,6.13,"chick2","B22023","B2"
1959,2023,16.46,7,11.4,0,"G",1,0,6.13,"chick2","B22023","B2"
1959,2023,14.59,7,11.4,0,"G",1,0,6.13,"chick2","B22023","B2"
1964,2023,8.69,11,10.65,0,"B",0,0,5.98,"chick2","B12023","B1"
1964,2023,10.7,11,10.65,0,"B",0,0,5.98,"chick2","B12023","B1"
1964,2023,9.33,11,10.65,0,"B",0,0,5.98,"chick2","B12023","B1"
1964,2023,9.46,11,10.65,0,"B",0,0,5.98,"chick2","B12023","B1"
1964,2023,9.2,11,10.65,0,"B",0,0,5.98,"chick2","B12023","B1"
1964,2023,8.27,11,10.65,0,"B",0,0,5.98,"chick2","B12023","B1"
1964,2023,7.95,11,10.65,0,"B",0,0,5.98,"chick2","B12023","B1"
1964,2023,9.59,11,10.65,0,"B",0,0,5.98,"chick2","B12023","B1"
1964,2023,9.7,11,10.65,0,"B",0,0,5.98,"chick2","B12023","B1"
1964,2023,9.5,11,10.65,0,"B",0,0,5.98,"chick2","B12023","B1"
1964,2023,8.74,11,10.65,0,"B",0,0,5.98,"chick2","B12023","B1"
1966,2023,18.38,9,12.6,0,"G",0,0,5.98,"chick2","B12023","B1"
1966,2023,19.25,9,12.6,0,"G",0,0,5.98,"chick2","B12023","B1"
1966,2023,18.25,9,12.6,0,"G",0,0,5.98,"chick2","B12023","B1"
1966,2023,20.05,9,12.6,0,"G",0,0,5.98,"chick2","B12023","B1"
1966,2023,18.02,9,12.6,0,"G",0,0,5.98,"chick2","B12023","B1"
1966,2023,18.15,9,12.6,0,"G",0,0,5.98,"chick2","B12023","B1"
1966,2023,18.64,9,12.6,0,"G",0,0,5.98,"chick2","B12023","B1"
1966,2023,17.91,9,12.6,0,"G",0,0,5.98,"chick2","B12023","B1"
1966,2023,16.98,9,12.6,0,"G",0,0,5.98,"chick2","B12023","B1"
1983,2023,12,9,3.08333333333333,0,"G",1,1,5.08,"chick2","C12023","C1"
1983,2023,13.96,9,3.08333333333333,0,"G",1,1,5.08,"chick2","C12023","C1"
1983,2023,14.21,9,3.08333333333333,0,"G",1,1,5.08,"chick2","C12023","C1"
1983,2023,12.69,9,3.08333333333333,0,"G",1,1,5.08,"chick2","C12023","C1"
1983,2023,13.8,9,3.08333333333333,0,"G",1,1,5.08,"chick2","C12023","C1"
1983,2023,14.88,9,3.08333333333333,0,"G",1,1,5.08,"chick2","C12023","C1"
1983,2023,14.4,9,3.08333333333333,0,"G",1,1,5.08,"chick2","C12023","C1"
1983,2023,16.19,9,3.08333333333333,0,"G",1,1,5.08,"chick2","C12023","C1"
1983,2023,14.58,9,3.08333333333333,0,"G",1,1,5.08,"chick2","C12023","C1"
1984,2023,18.3,6,6.53333333333333,1,"G",1,1,5.08,"chick2","C12023","C1"
1984,2023,16.93,6,6.53333333333333,1,"G",1,1,5.08,"chick2","C12023","C1"
1984,2023,17.86,6,6.53333333333333,1,"G",1,1,5.08,"chick2","C12023","C1"
1984,2023,17.86,6,6.53333333333333,1,"G",1,1,5.08,"chick2","C12023","C1"
1984,2023,17.34,6,6.53333333333333,1,"G",1,1,5.08,"chick2","C12023","C1"
1984,2023,17.36,6,6.53333333333333,1,"G",1,1,5.08,"chick2","C12023","C1"
1986,2023,8.46,11,5.68333333333333,0,"B",1,1,5.08,"chick2","C12023","C1"
1986,2023,9.92,11,5.68333333333333,0,"B",1,1,5.08,"chick2","C12023","C1"
1986,2023,9.44,11,5.68333333333333,0,"B",1,1,5.08,"chick2","C12023","C1"
1986,2023,9.07,11,5.68333333333333,0,"B",1,1,5.08,"chick2","C12023","C1"
1986,2023,9.17,11,5.68333333333333,0,"B",1,1,5.08,"chick2","C12023","C1"
1986,2023,9.47,11,5.68333333333333,0,"B",1,1,5.08,"chick2","C12023","C1"
1986,2023,7.76,11,5.68333333333333,0,"B",1,1,5.08,"chick2","C12023","C1"
1986,2023,8.45,11,5.68333333333333,0,"B",1,1,5.08,"chick2","C12023","C1"
1986,2023,7.95,11,5.68333333333333,0,"B",1,1,5.08,"chick2","C12023","C1"
1986,2023,8.24,11,5.68333333333333,0,"B",1,1,5.08,"chick2","C12023","C1"
1986,2023,9.31,11,5.68333333333333,0,"B",1,1,5.08,"chick2","C12023","C1"
1987,2023,16.3,8,11.55,1,"G",1,1,5.08,"chick2","C12023","C1"
1987,2023,15.47,8,11.55,1,"G",1,1,5.08,"chick2","C12023","C1"
1987,2023,16.71,8,11.55,1,"G",1,1,5.08,"chick2","C12023","C1"
1987,2023,15.22,8,11.55,1,"G",1,1,5.08,"chick2","C12023","C1"
1987,2023,16.57,8,11.55,1,"G",1,1,5.08,"chick2","C12023","C1"
1987,2023,15.43,8,11.55,1,"G",1,1,5.08,"chick2","C12023","C1"
1987,2023,15.42,8,11.55,1,"G",1,1,5.08,"chick2","C12023","C1"
1987,2023,16.57,8,11.55,1,"G",1,1,5.08,"chick2","C12023","C1"
1996,2023,18.7,3,6.9,1,"G",1,1,5.08,"chick2","C12023","C1"
1996,2023,18.67,3,6.9,1,"G",1,1,5.08,"chick2","C12023","C1"
1996,2023,18.13,3,6.9,1,"G",1,1,5.08,"chick2","C12023","C1"
1998,2023,9.14,8,7.31666666666667,0,"B",1,1,5.08,"chick2","C12023","C1"
1998,2023,10.22,8,7.31666666666667,0,"B",1,1,5.08,"chick2","C12023","C1"
1998,2023,9.06,8,7.31666666666667,0,"B",1,1,5.08,"chick2","C12023","C1"
1998,2023,8.99,8,7.31666666666667,0,"B",1,1,5.08,"chick2","C12023","C1"
1998,2023,9.44,8,7.31666666666667,0,"B",1,1,5.08,"chick2","C12023","C1"
1998,2023,9.35,8,7.31666666666667,0,"B",1,1,5.08,"chick2","C12023","C1"
1998,2023,9.74,8,7.31666666666667,0,"B",1,1,5.08,"chick2","C12023","C1"
1998,2023,10.31,8,7.31666666666667,0,"B",1,1,5.08,"chick2","C12023","C1"
2000,2023,13.08,6,4.46666666666667,1,"G",1,1,5.08,"chick2","C12023","C1"
2000,2023,11.06,6,4.43333333333333,1,"G",1,1,5.08,"chick2","C12023","C1"
2000,2023,10.03,6,4.4,1,"G",1,1,5.08,"chick2","C12023","C1"
2000,2023,12.06,6,4.51666666666667,1,"G",1,1,5.08,"chick2","C12023","C1"
2000,2023,11.9,6,4.31666666666667,1,"G",1,1,5.08,"chick2","C12023","C1"
2000,2023,10.01,6,4.35,1,"G",1,1,5.08,"chick2","C12023","C1"
2008,2023,9.25,10,7.31666666666667,0,"B",1,1,5.08,"chick2","C12023","C1"
2008,2023,11.54,10,7.31666666666667,0,"B",1,1,5.08,"chick2","C12023","C1"
2008,2023,9.36,10,7.31666666666667,0,"B",1,1,5.08,"chick2","C12023","C1"
2008,2023,10.11,10,7.31666666666667,0,"B",1,1,5.08,"chick2","C12023","C1"
2008,2023,11.08,10,7.31666666666667,0,"B",1,1,5.08,"chick2","C12023","C1"
2008,2023,11.36,10,7.31666666666667,0,"B",1,1,5.08,"chick2","C12023","C1"
2008,2023,10.8,10,7.31666666666667,0,"B",1,1,5.08,"chick2","C12023","C1"
2008,2023,10.64,10,7.31666666666667,0,"B",1,1,5.08,"chick2","C12023","C1"
2008,2023,10.45,10,7.31666666666667,0,"B",1,1,5.08,"chick2","C12023","C1"
2008,2023,10.37,10,7.31666666666667,0,"B",1,1,5.08,"chick2","C12023","C1"
2009,2023,16.34,6,6.86666666666667,1,"G",1,1,5.08,"chick2","C12023","C1"
2009,2023,16.37,6,6.86666666666667,1,"G",1,1,5.08,"chick2","C12023","C1"
2009,2023,16.81,6,6.86666666666667,1,"G",1,1,5.08,"chick2","C12023","C1"
2009,2023,16.38,6,6.86666666666667,1,"G",1,1,5.08,"chick2","C12023","C1"
2009,2023,15.85,6,6.86666666666667,1,"G",1,1,5.08,"chick2","C12023","C1"
2009,2023,15.57,6,6.86666666666667,1,"G",1,1,5.08,"chick2","C12023","C1"
2011,2023,13.77,8,7.13333333333333,1,"G",1,1,5.08,"chick2","C12023","C1"
2011,2023,12.24,8,6.66666666666667,1,"G",1,1,5.08,"chick2","C12023","C1"
2011,2023,18.18,8,6.66666666666667,1,"G",1,1,5.08,"chick2","C12023","C1"
2011,2023,9.66,8,7.13333333333333,1,"G",1,1,5.08,"chick2","C12023","C1"
2011,2023,12.56,8,7.13333333333333,1,"G",1,1,5.08,"chick2","C12023","C1"
2011,2023,12.26,8,6.66666666666667,1,"G",1,1,5.08,"chick2","C12023","C1"
2011,2023,13.13,8,6.66666666666667,1,"G",1,1,5.08,"chick2","C12023","C1"
2011,2023,12.01,8,7.13333333333333,1,"G",1,1,5.08,"chick2","C12023","C1"
2015,2023,10.49,7,5.43333333333333,0,"B",1,1,5.08,"chick2","C12023","C1"
2015,2023,10.6,7,5.78333333333333,0,"B",1,1,5.08,"chick2","C12023","C1"
2015,2023,11.01,7,5.43333333333333,0,"B",1,1,5.08,"chick2","C12023","C1"
2015,2023,11.27,7,5.43333333333333,0,"B",1,1,5.08,"chick2","C12023","C1"
2015,2023,10.48,7,5.78333333333333,0,"B",1,1,5.08,"chick2","C12023","C1"
2015,2023,11.61,7,5.43333333333333,0,"B",1,1,5.08,"chick2","C12023","C1"
2015,2023,11.25,7,5.78333333333333,0,"B",1,1,5.08,"chick2","C12023","C1"
2016,2023,17.83,7,7.28333333333333,0,"G",1,1,5.08,"chick2","C12023","C1"
2016,2023,16.82,7,7.48333333333333,0,"G",1,1,5.08,"chick2","C12023","C1"
2016,2023,17.18,7,7.28333333333333,0,"G",1,1,5.08,"chick2","C12023","C1"
2016,2023,16.76,7,7.28333333333333,0,"G",1,1,5.08,"chick2","C12023","C1"
2016,2023,16.81,7,7.48333333333333,0,"G",1,1,5.08,"chick2","C12023","C1"
2016,2023,18.68,7,7.48333333333333,0,"G",1,1,5.08,"chick2","C12023","C1"
2016,2023,14.02,7,7.28333333333333,0,"G",1,1,5.08,"chick2","C12023","C1"
2017,2023,9.41,5,3.85,0,"B",1,1,5.08,"chick2","C12023","C1"
2017,2023,10.69,5,3.85,0,"B",1,1,5.08,"chick2","C12023","C1"
2017,2023,9.59,5,3.85,0,"B",1,1,5.08,"chick2","C12023","C1"
2017,2023,8.55,5,3.85,0,"B",1,1,5.08,"chick2","C12023","C1"
2017,2023,13.3,5,3.85,0,"B",1,1,5.08,"chick2","C12023","C1"
2019,2023,16.25,7,6.68333333333333,0,"G",0,1,5.77,"chick2","C22023","C2"
2019,2023,17.1,7,6.68333333333333,0,"G",0,1,5.77,"chick2","C22023","C2"
2019,2023,16.9,7,6.68333333333333,0,"G",0,1,5.77,"chick2","C22023","C2"
2019,2023,17.63,7,6.68333333333333,0,"G",0,1,5.77,"chick2","C22023","C2"
2019,2023,16.94,7,6.68333333333333,0,"G",0,1,5.77,"chick2","C22023","C2"
2019,2023,16.61,7,6.68333333333333,0,"G",0,1,5.77,"chick2","C22023","C2"
2019,2023,16.86,7,6.68333333333333,0,"G",0,1,5.77,"chick2","C22023","C2"
2022,2023,15.78,6,2.38333333333333,0,"G",0,1,5.77,"chick2","C22023","C2"
2022,2023,14.87,6,2.38333333333333,0,"G",0,1,5.77,"chick2","C22023","C2"
2022,2023,13.68,6,2.38333333333333,0,"G",0,1,5.77,"chick2","C22023","C2"
2022,2023,14.83,6,2.38333333333333,0,"G",0,1,5.77,"chick2","C22023","C2"
2022,2023,12.47,6,2.38333333333333,0,"G",0,1,5.77,"chick2","C22023","C2"
2022,2023,13.11,6,2.38333333333333,0,"G",0,1,5.77,"chick2","C22023","C2"
2026,2023,15.42,8,6.28333333333333,0,"G",0,1,5.77,"chick2","C22023","C2"
2026,2023,10.28,8,6.28333333333333,0,"G",0,1,5.77,"chick2","C22023","C2"
2026,2023,13.88,8,6.28333333333333,0,"G",0,1,5.77,"chick2","C22023","C2"
2026,2023,12.34,8,6.28333333333333,0,"G",0,1,5.77,"chick2","C22023","C2"
2026,2023,14.97,8,6.28333333333333,0,"G",0,1,5.77,"chick2","C22023","C2"
2026,2023,14.02,8,6.28333333333333,0,"G",0,1,5.77,"chick2","C22023","C2"
2026,2023,13.57,8,6.28333333333333,0,"G",0,1,5.77,"chick2","C22023","C2"
2026,2023,12.93,8,6.28333333333333,0,"G",0,1,5.77,"chick2","C22023","C2"
2028,2023,17.51,7,3.31666666666667,0,"G",0,1,5.77,"chick2","C22023","C2"
2028,2023,14.93,7,3.36666666666667,0,"G",0,1,5.77,"chick2","C22023","C2"
2028,2023,13.17,7,3.21666666666667,0,"G",0,1,5.77,"chick2","C22023","C2"
2028,2023,13.71,7,3.25,0,"G",0,1,5.77,"chick2","C22023","C2"
2028,2023,14.34,7,3.48333333333333,0,"G",0,1,5.77,"chick2","C22023","C2"
2028,2023,16.86,7,3.4,0,"G",0,1,5.77,"chick2","C22023","C2"
2028,2023,15.49,7,3.18333333333333,0,"G",0,1,5.77,"chick2","C22023","C2"
2030,2023,11.84,5,4.81666666666667,1,"B",1,1,5.08,"chick2","C12023","C1"
2030,2023,12.33,5,4.81666666666667,1,"B",1,1,5.08,"chick2","C12023","C1"
2030,2023,12.16,5,4.81666666666667,1,"B",1,1,5.08,"chick2","C12023","C1"
2030,2023,12.02,5,4.81666666666667,1,"B",1,1,5.08,"chick2","C12023","C1"
2030,2023,12.5,5,4.81666666666667,1,"B",1,1,5.08,"chick2","C12023","C1"
2035,2023,11.23,8,5.93333333333333,1,"B",1,1,5.08,"chick2","C12023","C1"
2035,2023,11.68,8,5.93333333333333,1,"B",1,1,5.08,"chick2","C12023","C1"
2035,2023,10.08,8,5.93333333333333,1,"B",1,1,5.08,"chick2","C12023","C1"
2035,2023,11.35,8,5.93333333333333,1,"B",1,1,5.08,"chick2","C12023","C1"
2035,2023,10.43,8,5.93333333333333,1,"B",1,1,5.08,"chick2","C12023","C1"
2035,2023,11.07,8,5.93333333333333,1,"B",1,1,5.08,"chick2","C12023","C1"
2035,2023,10.61,8,5.93333333333333,1,"B",1,1,5.08,"chick2","C12023","C1"
2035,2023,11.82,8,5.93333333333333,1,"B",1,1,5.08,"chick2","C12023","C1"
2036,2023,10.15,10,6.03333333333333,0,"B",1,1,5.08,"chick2","C12023","C1"
2036,2023,11.03,10,6.03333333333333,0,"B",1,1,5.08,"chick2","C12023","C1"
2036,2023,10.14,10,6.03333333333333,0,"B",1,1,5.08,"chick2","C12023","C1"
2036,2023,10.23,10,6.03333333333333,0,"B",1,1,5.08,"chick2","C12023","C1"
2036,2023,10.96,10,6.03333333333333,0,"B",1,1,5.08,"chick2","C12023","C1"
2036,2023,10.2,10,6.03333333333333,0,"B",1,1,5.08,"chick2","C12023","C1"
2036,2023,10.4,10,6.03333333333333,0,"B",1,1,5.08,"chick2","C12023","C1"
2036,2023,10.57,10,6.03333333333333,0,"B",1,1,5.08,"chick2","C12023","C1"
2036,2023,10.42,10,6.03333333333333,0,"B",1,1,5.08,"chick2","C12023","C1"
2036,2023,9.87,10,6.03333333333333,0,"B",1,1,5.08,"chick2","C12023","C1"
2043,2023,15.97,9,7.91666666666667,0,"G",0,1,5.77,"chick2","C22023","C2"
2043,2023,17.08,9,7.91666666666667,0,"G",0,1,5.77,"chick2","C22023","C2"
2043,2023,16.16,9,7.91666666666667,0,"G",0,1,5.77,"chick2","C22023","C2"
2043,2023,16.21,9,7.91666666666667,0,"G",0,1,5.77,"chick2","C22023","C2"
2043,2023,16.55,9,7.91666666666667,0,"G",0,1,5.77,"chick2","C22023","C2"
2043,2023,15.93,9,7.91666666666667,0,"G",0,1,5.77,"chick2","C22023","C2"
2043,2023,15.37,9,7.91666666666667,0,"G",0,1,5.77,"chick2","C22023","C2"
2043,2023,16.19,9,7.91666666666667,0,"G",0,1,5.77,"chick2","C22023","C2"
2043,2023,15.46,9,7.91666666666667,0,"G",0,1,5.77,"chick2","C22023","C2"
2044,2023,14.42,9,2.98333333333333,0,"G",0,1,5.77,"chick2","C22023","C2"
2044,2023,14.52,9,2.98333333333333,0,"G",0,1,5.77,"chick2","C22023","C2"
2044,2023,14.3,9,2.98333333333333,0,"G",0,1,5.77,"chick2","C22023","C2"
2044,2023,14.55,9,2.98333333333333,0,"G",0,1,5.77,"chick2","C22023","C2"
2044,2023,14.35,9,2.98333333333333,0,"G",0,1,5.77,"chick2","C22023","C2"
2044,2023,14.02,9,2.98333333333333,0,"G",0,1,5.77,"chick2","C22023","C2"
2044,2023,14.2,9,2.98333333333333,0,"G",0,1,5.77,"chick2","C22023","C2"
2044,2023,14.37,9,2.98333333333333,0,"G",0,1,5.77,"chick2","C22023","C2"
2044,2023,15.01,9,2.98333333333333,0,"G",0,1,5.77,"chick2","C22023","C2"
2046,2023,17.76,7,10.9833333333333,0,"G",0,1,5.77,"chick2","C22023","C2"
2046,2023,16.16,7,10.9833333333333,0,"G",0,1,5.77,"chick2","C22023","C2"
2046,2023,17.47,7,10.9833333333333,0,"G",0,1,5.77,"chick2","C22023","C2"
2046,2023,17,7,10.9833333333333,0,"G",0,1,5.77,"chick2","C22023","C2"
2046,2023,16.31,7,10.9833333333333,0,"G",0,1,5.77,"chick2","C22023","C2"
2046,2023,15.87,7,10.9833333333333,0,"G",0,1,5.77,"chick2","C22023","C2"
2046,2023,16.13,7,10.9833333333333,0,"G",0,1,5.77,"chick2","C22023","C2"
2062,2023,11.84,9,2.85,1,"B",1,1,5.08,"chick2","C12023","C1"
2062,2023,11.59,9,2.85,1,"B",1,1,5.08,"chick2","C12023","C1"
2062,2023,11.51,9,2.85,1,"B",1,1,5.08,"chick2","C12023","C1"
2062,2023,11.05,9,2.85,1,"B",1,1,5.08,"chick2","C12023","C1"
2062,2023,12.02,9,2.85,1,"B",1,1,5.08,"chick2","C12023","C1"
2062,2023,11.94,9,2.85,1,"B",1,1,5.08,"chick2","C12023","C1"
2062,2023,12.06,9,2.85,1,"B",1,1,5.08,"chick2","C12023","C1"
2062,2023,11.67,9,2.85,1,"B",1,1,5.08,"chick2","C12023","C1"
2062,2023,11.17,9,2.85,1,"B",1,1,5.08,"chick2","C12023","C1"
2066,2023,15.5,5,2.46666666666667,0,"G",0,1,5.77,"chick2","C22023","C2"
2066,2023,14.73,5,2.46666666666667,0,"G",0,1,5.77,"chick2","C22023","C2"
2066,2023,14.36,5,2.46666666666667,0,"G",0,1,5.77,"chick2","C22023","C2"
2066,2023,13.64,5,2.46666666666667,0,"G",0,1,5.77,"chick2","C22023","C2"
2066,2023,15.97,5,2.46666666666667,0,"G",0,1,5.77,"chick2","C22023","C2"
2068,2023,15.59,8,8.55,0,"G",0,0,5.62,"chick2","D12023","D1"
2068,2023,15.87,8,8.55,0,"G",0,0,5.62,"chick2","D12023","D1"
2068,2023,16.87,8,8.55,0,"G",0,0,5.62,"chick2","D12023","D1"
2068,2023,16.22,8,8.55,0,"G",0,0,5.62,"chick2","D12023","D1"
2068,2023,15.55,8,8.55,0,"G",0,0,5.62,"chick2","D12023","D1"
2068,2023,15.03,8,8.55,0,"G",0,0,5.62,"chick2","D12023","D1"
2068,2023,15.68,8,8.55,0,"G",0,0,5.62,"chick2","D12023","D1"
2068,2023,15.56,8,8.55,0,"G",0,0,5.62,"chick2","D12023","D1"
2073,2023,10.15,5,9.08333333333333,0,"B",0,0,5.62,"chick2","D12023","D1"
2073,2023,11.91,5,9.08333333333333,0,"B",0,0,5.62,"chick2","D12023","D1"
2073,2023,11.27,5,9.08333333333333,0,"B",0,0,5.62,"chick2","D12023","D1"
2073,2023,11.95,5,9.08333333333333,0,"B",0,0,5.62,"chick2","D12023","D1"
2073,2023,11.51,5,9.08333333333333,0,"B",0,0,5.62,"chick2","D12023","D1"
2075,2023,10.79,9,4.13333333333333,0,"B",0,0,5.62,"chick2","D12023","D1"
2075,2023,11.13,9,4.13333333333333,0,"B",0,0,5.62,"chick2","D12023","D1"
2075,2023,12.26,9,4.13333333333333,0,"B",0,0,5.62,"chick2","D12023","D1"
2075,2023,11.63,9,4.13333333333333,0,"B",0,0,5.62,"chick2","D12023","D1"
2075,2023,11.02,9,4.13333333333333,0,"B",0,0,5.62,"chick2","D12023","D1"
2075,2023,11.1,9,4.13333333333333,0,"B",0,0,5.62,"chick2","D12023","D1"
2075,2023,10.79,9,4.13333333333333,0,"B",0,0,5.62,"chick2","D12023","D1"
2075,2023,10.56,9,4.13333333333333,0,"B",0,0,5.62,"chick2","D12023","D1"
2075,2023,12.4,9,4.13333333333333,0,"B",0,0,5.62,"chick2","D12023","D1"
2077,2023,17.27,6,8.16666666666667,0,"G",0,0,5.62,"chick2","D12023","D1"
2077,2023,18.23,6,8.16666666666667,0,"G",0,0,5.62,"chick2","D12023","D1"
2077,2023,17.54,6,8.16666666666667,0,"G",0,0,5.62,"chick2","D12023","D1"
2077,2023,18.3,6,8.16666666666667,0,"G",0,0,5.62,"chick2","D12023","D1"
2077,2023,18.19,6,8.16666666666667,0,"G",0,0,5.62,"chick2","D12023","D1"
2077,2023,17.34,6,8.16666666666667,0,"G",0,0,5.62,"chick2","D12023","D1"
2087,2023,17.44,8,8.25,0,"G",0,0,5.62,"chick2","D12023","D1"
2087,2023,16.73,8,8.25,0,"G",0,0,5.62,"chick2","D12023","D1"
2087,2023,18.54,8,8.25,0,"G",0,0,5.62,"chick2","D12023","D1"
2087,2023,17.11,8,8.25,0,"G",0,0,5.62,"chick2","D12023","D1"
2087,2023,16.18,8,8.25,0,"G",0,0,5.62,"chick2","D12023","D1"
2087,2023,17.08,8,8.25,0,"G",0,0,5.62,"chick2","D12023","D1"
2087,2023,17.79,8,8.25,0,"G",0,0,5.62,"chick2","D12023","D1"
2087,2023,14.82,8,8.25,0,"G",0,0,5.62,"chick2","D12023","D1"
2089,2023,11.42,8,5.03333333333333,0,"B",0,0,5.62,"chick2","D12023","D1"
2089,2023,11.22,8,5.03333333333333,0,"B",0,0,5.62,"chick2","D12023","D1"
2089,2023,10.85,8,5.03333333333333,0,"B",0,0,5.62,"chick2","D12023","D1"
2089,2023,11.91,8,5.03333333333333,0,"B",0,0,5.62,"chick2","D12023","D1"
2089,2023,12.25,8,5.03333333333333,0,"B",0,0,5.62,"chick2","D12023","D1"
2089,2023,10.56,8,5.03333333333333,0,"B",0,0,5.62,"chick2","D12023","D1"
2089,2023,10.86,8,5.03333333333333,0,"B",0,0,5.62,"chick2","D12023","D1"
2089,2023,11.99,8,5.03333333333333,0,"B",0,0,5.62,"chick2","D12023","D1"
2097,2023,10.83,8,3.78333333333333,0,"B",0,0,5.62,"chick2","D12023","D1"
2097,2023,11.02,8,3.78333333333333,0,"B",0,0,5.62,"chick2","D12023","D1"
2097,2023,11.63,8,3.78333333333333,0,"B",0,0,5.62,"chick2","D12023","D1"
2097,2023,10.95,8,3.78333333333333,0,"B",0,0,5.62,"chick2","D12023","D1"
2097,2023,10.28,8,3.78333333333333,0,"B",0,0,5.62,"chick2","D12023","D1"
2097,2023,10.72,8,3.78333333333333,0,"B",0,0,5.62,"chick2","D12023","D1"
2097,2023,8.69,8,3.78333333333333,0,"B",0,0,5.62,"chick2","D12023","D1"
2097,2023,11.2,8,3.78333333333333,0,"B",0,0,5.62,"chick2","D12023","D1"
2098,2023,13.85,8,2.26666666666667,0,"G",0,0,5.62,"chick2","D12023","D1"
2098,2023,12.71,8,2.26666666666667,0,"G",0,0,5.62,"chick2","D12023","D1"
2098,2023,13.38,8,2.26666666666667,0,"G",0,0,5.62,"chick2","D12023","D1"
2098,2023,11.81,8,2.26666666666667,0,"G",0,0,5.62,"chick2","D12023","D1"
2098,2023,11.96,8,2.26666666666667,0,"G",0,0,5.62,"chick2","D12023","D1"
2098,2023,12.17,8,2.26666666666667,0,"G",0,0,5.62,"chick2","D12023","D1"
2098,2023,12.24,8,2.26666666666667,0,"G",0,0,5.62,"chick2","D12023","D1"
2098,2023,13.43,8,2.26666666666667,0,"G",0,0,5.62,"chick2","D12023","D1"
2100,2023,15.13,4,4.08333333333333,0,"G",0,0,5.62,"chick2","D12023","D1"
2100,2023,16.27,4,4.08333333333333,0,"G",0,0,5.62,"chick2","D12023","D1"
2100,2023,16.64,4,4.08333333333333,0,"G",0,0,5.62,"chick2","D12023","D1"
2100,2023,15.56,4,4.08333333333333,0,"G",0,0,5.62,"chick2","D12023","D1"
2105,2023,17.18,3,4.36666666666667,0,"G",0,1,5.69,"chick2","D22023","D2"
2105,2023,16.25,3,4.36666666666667,0,"G",0,1,5.69,"chick2","D22023","D2"
2105,2023,16.72,3,4.36666666666667,0,"G",0,1,5.69,"chick2","D22023","D2"
2106,2023,11.35,6,8.38333333333333,0,"B",0,1,5.69,"chick2","D22023","D2"
2106,2023,11.79,6,8.38333333333333,0,"B",0,1,5.69,"chick2","D22023","D2"
2106,2023,11.38,6,8.38333333333333,0,"B",0,1,5.69,"chick2","D22023","D2"
2106,2023,11.58,6,8.38333333333333,0,"B",0,1,5.69,"chick2","D22023","D2"
2106,2023,12.45,6,8.38333333333333,0,"B",0,1,5.69,"chick2","D22023","D2"
2106,2023,11.07,6,8.38333333333333,0,"B",0,1,5.69,"chick2","D22023","D2"
2110,2023,16.1,3,7.91666666666667,0,"G",0,1,5.69,"chick2","D22023","D2"
2110,2023,17.5,3,7.91666666666667,0,"G",0,1,5.69,"chick2","D22023","D2"
2110,2023,17.54,3,7.91666666666667,0,"G",0,1,5.69,"chick2","D22023","D2"
2114,2023,16.54,5,5.7,0,"G",0,1,5.69,"chick2","D22023","D2"
2114,2023,17.21,5,5.7,0,"G",0,1,5.69,"chick2","D22023","D2"
2114,2023,14.62,5,5.7,0,"G",0,1,5.69,"chick2","D22023","D2"
2114,2023,15.85,5,5.7,0,"G",0,1,5.69,"chick2","D22023","D2"
2114,2023,15.21,5,5.7,0,"G",0,1,5.69,"chick2","D22023","D2"
2115,2023,16.26,4,10.8833333333333,0,"G",0,1,5.69,"chick2","D22023","D2"
2115,2023,17.04,4,10.8833333333333,0,"G",0,1,5.69,"chick2","D22023","D2"
2115,2023,18.27,4,10.8833333333333,0,"G",0,1,5.69,"chick2","D22023","D2"
2115,2023,16.37,4,10.8833333333333,0,"G",0,1,5.69,"chick2","D22023","D2"
2122,2023,11.19,5,8.28333333333333,0,"B",0,1,5.69,"chick2","D22023","D2"
2122,2023,12.08,5,8.28333333333333,0,"B",0,1,5.69,"chick2","D22023","D2"
2122,2023,11.05,5,8.28333333333333,0,"B",0,1,5.69,"chick2","D22023","D2"
2122,2023,12.31,5,8.28333333333333,0,"B",0,1,5.69,"chick2","D22023","D2"
2122,2023,12.49,5,8.28333333333333,0,"B",0,1,5.69,"chick2","D22023","D2"
2123,2023,16.96,4,5.4,0,"G",0,1,5.69,"chick2","D22023","D2"
2123,2023,16.37,4,5.4,0,"G",0,1,5.69,"chick2","D22023","D2"
2123,2023,18.97,4,5.4,0,"G",0,1,5.69,"chick2","D22023","D2"
2123,2023,17.97,4,5.4,0,"G",0,1,5.69,"chick2","D22023","D2"
2124,2023,15.02,5,6.01666666666667,0,"G",0,1,5.69,"chick2","D22023","D2"
2124,2023,17.39,5,6.01666666666667,0,"G",0,1,5.69,"chick2","D22023","D2"
2124,2023,16.08,5,6.01666666666667,0,"G",0,1,5.69,"chick2","D22023","D2"
2124,2023,15.51,5,6.01666666666667,0,"G",0,1,5.69,"chick2","D22023","D2"
2124,2023,16.48,5,6.01666666666667,0,"G",0,1,5.69,"chick2","D22023","D2"
2125,2023,17.92,5,5.11666666666667,0,"G",0,1,5.69,"chick2","D22023","D2"
2125,2023,15.58,5,5.11666666666667,0,"G",0,1,5.69,"chick2","D22023","D2"
2125,2023,17.21,5,5.11666666666667,0,"G",0,1,5.69,"chick2","D22023","D2"
2125,2023,16.95,5,5.11666666666667,0,"G",0,1,5.69,"chick2","D22023","D2"
2125,2023,17.34,5,5.11666666666667,0,"G",0,1,5.69,"chick2","D22023","D2"
2126,2023,18.19,6,6.45,0,"G",0,1,5.69,"chick2","D22023","D2"
2126,2023,17.49,6,6.45,0,"G",0,1,5.69,"chick2","D22023","D2"
2126,2023,18.46,6,6.45,0,"G",0,1,5.69,"chick2","D22023","D2"
2126,2023,18.48,6,6.45,0,"G",0,1,5.69,"chick2","D22023","D2"
2126,2023,15.68,6,6.45,0,"G",0,1,5.69,"chick2","D22023","D2"
2126,2023,18.81,6,6.45,0,"G",0,1,5.69,"chick2","D22023","D2"
2130,2023,17.36,6,5.63333333333333,0,"G",0,1,5.69,"chick2","D22023","D2"
2130,2023,16.05,6,6.16666666666667,0,"G",0,1,5.69,"chick2","D22023","D2"
2130,2023,15.62,6,5.63333333333333,0,"G",0,1,5.69,"chick2","D22023","D2"
2130,2023,17.69,6,6.16666666666667,0,"G",0,1,5.69,"chick2","D22023","D2"
2130,2023,16.67,6,5.63333333333333,0,"G",0,1,5.69,"chick2","D22023","D2"
2130,2023,16.23,6,6.16666666666667,0,"G",0,1,5.69,"chick2","D22023","D2"
2134,2023,9.25,9,9.96666666666667,0,"B",0,1,5.69,"chick2","D22023","D2"
2134,2023,9.92,9,9.96666666666667,0,"B",0,1,5.69,"chick2","D22023","D2"
2134,2023,9.47,9,9.96666666666667,0,"B",0,1,5.69,"chick2","D22023","D2"
2134,2023,10.46,9,9.96666666666667,0,"B",0,1,5.69,"chick2","D22023","D2"
2134,2023,7.27,9,9.96666666666667,0,"B",0,1,5.69,"chick2","D22023","D2"
2134,2023,10.25,9,9.96666666666667,0,"B",0,1,5.69,"chick2","D22023","D2"
2134,2023,10.85,9,9.96666666666667,0,"B",0,1,5.69,"chick2","D22023","D2"
2134,2023,9.24,9,9.96666666666667,0,"B",0,1,5.69,"chick2","D22023","D2"
2134,2023,10.4,9,9.96666666666667,0,"B",0,1,5.69,"chick2","D22023","D2"
2138,2023,17.68,3,5.1,0,"G",1,0,6.9,"chick2","E12023","E1"
2138,2023,17.2,3,5.1,0,"G",1,0,6.9,"chick2","E12023","E1"
2138,2023,16.69,3,5.1,0,"G",1,0,6.9,"chick2","E12023","E1"
2146,2023,11.72,7,7.03333333333333,0,"B",1,0,6.9,"chick2","E12023","E1"
2146,2023,11.19,7,7.03333333333333,0,"B",1,0,6.9,"chick2","E12023","E1"
2146,2023,12.1,7,7.03333333333333,0,"B",1,0,6.9,"chick2","E12023","E1"
2146,2023,11.01,7,7.03333333333333,0,"B",1,0,6.9,"chick2","E12023","E1"
2146,2023,11,7,7.03333333333333,0,"B",1,0,6.9,"chick2","E12023","E1"
2146,2023,11.7,7,7.03333333333333,0,"B",1,0,6.9,"chick2","E12023","E1"
2146,2023,11.87,7,7.03333333333333,0,"B",1,0,6.9,"chick2","E12023","E1"
2164,2023,17.58,6,4.95,0,"G",1,0,6.9,"chick2","E12023","E1"
2164,2023,9.81,6,4.95,0,"G",1,0,6.9,"chick2","E12023","E1"
2164,2023,17.8,6,4.95,0,"G",1,0,6.9,"chick2","E12023","E1"
2164,2023,16.68,6,4.95,0,"G",1,0,6.9,"chick2","E12023","E1"
2164,2023,15.74,6,4.95,0,"G",1,0,6.9,"chick2","E12023","E1"
2164,2023,16.9,6,4.95,0,"G",1,0,6.9,"chick2","E12023","E1"
2165,2023,11.86,4,6.38333333333333,0,"B",1,0,6.9,"chick2","E12023","E1"
2165,2023,10.61,4,6.38333333333333,0,"B",1,0,6.9,"chick2","E12023","E1"
2165,2023,12.9,4,6.38333333333333,0,"B",1,0,6.9,"chick2","E12023","E1"
2165,2023,11.15,4,6.38333333333333,0,"B",1,0,6.9,"chick2","E12023","E1"
2198,2023,9.07,9,5.05,0,"B",1,1,8.33,"chick2","E22023","E2"
2198,2023,10.06,9,5.05,0,"B",1,1,8.33,"chick2","E22023","E2"
2198,2023,10.42,9,5.05,0,"B",1,1,8.33,"chick2","E22023","E2"
2198,2023,10.62,9,5.05,0,"B",1,1,8.33,"chick2","E22023","E2"
2198,2023,10.11,9,5.05,0,"B",1,1,8.33,"chick2","E22023","E2"
2198,2023,8.9,9,5.05,0,"B",1,1,8.33,"chick2","E22023","E2"
2198,2023,11.72,9,5.05,0,"B",1,1,8.33,"chick2","E22023","E2"
2198,2023,9.18,9,5.05,0,"B",1,1,8.33,"chick2","E22023","E2"
2198,2023,7.08,9,5.05,0,"B",1,1,8.33,"chick2","E22023","E2"
2208,2023,16.78,4,6.8,0,"G",1,1,8.33,"chick2","E22023","E2"
2208,2023,16.21,4,6.8,0,"G",1,1,8.33,"chick2","E22023","E2"
2208,2023,17.63,4,6.8,0,"G",1,1,8.33,"chick2","E22023","E2"
2208,2023,18.17,4,6.8,0,"G",1,1,8.33,"chick2","E22023","E2"
2210,2023,16.05,8,3.45,1,"G",1,1,8.33,"chick2","E22023","E2"
2210,2023,15.58,8,3.45,1,"G",1,1,8.33,"chick2","E22023","E2"
2210,2023,15.51,8,3.45,1,"G",1,1,8.33,"chick2","E22023","E2"
2210,2023,14.52,8,3.45,1,"G",1,1,8.33,"chick2","E22023","E2"
2210,2023,15,8,3.45,1,"G",1,1,8.33,"chick2","E22023","E2"
2210,2023,16.16,8,3.45,1,"G",1,1,8.33,"chick2","E22023","E2"
2210,2023,15.5,8,3.45,1,"G",1,1,8.33,"chick2","E22023","E2"
2210,2023,15.66,8,3.45,1,"G",1,1,8.33,"chick2","E22023","E2"
2214,2023,11.32,6,5.48333333333333,1,"G",1,1,8.33,"chick2","E22023","E2"
2214,2023,11.21,6,5.48333333333333,1,"G",1,1,8.33,"chick2","E22023","E2"
2214,2023,14.01,6,5.48333333333333,1,"G",1,1,8.33,"chick2","E22023","E2"
2214,2023,15.33,6,5.48333333333333,1,"G",1,1,8.33,"chick2","E22023","E2"
2214,2023,13.92,6,5.48333333333333,1,"G",1,1,8.33,"chick2","E22023","E2"
2214,2023,14.04,6,5.48333333333333,1,"G",1,1,8.33,"chick2","E22023","E2"
2217,2023,16.35,6,8.15,0,"G",1,1,8.33,"chick2","E22023","E2"
2217,2023,16.75,6,8.15,0,"G",1,1,8.33,"chick2","E22023","E2"
2217,2023,16.38,6,8.15,0,"G",1,1,8.33,"chick2","E22023","E2"
2217,2023,17.54,6,8.15,0,"G",1,1,8.33,"chick2","E22023","E2"
2217,2023,16.12,6,8.15,0,"G",1,1,8.33,"chick2","E22023","E2"
2217,2023,16.61,6,8.15,0,"G",1,1,8.33,"chick2","E22023","E2"
2221,2023,11.3,3,9.03333333333333,0,"B",1,0,8.04,"chick2","F12023","F1"
2221,2023,11.47,3,9.03333333333333,0,"B",1,0,8.04,"chick2","F12023","F1"
2221,2023,12.34,3,9.03333333333333,0,"B",1,0,8.04,"chick2","F12023","F1"
2222,2023,11.84,7,9.08333333333333,0,"B",1,0,8.04,"chick2","F12023","F1"
2222,2023,12.29,7,9.08333333333333,0,"B",1,0,8.04,"chick2","F12023","F1"
2222,2023,12.06,7,9.08333333333333,0,"B",1,0,8.04,"chick2","F12023","F1"
2222,2023,11.45,7,9.08333333333333,0,"B",1,0,8.04,"chick2","F12023","F1"
2222,2023,10.99,7,9.08333333333333,0,"B",1,0,8.04,"chick2","F12023","F1"
2222,2023,12.54,7,9.08333333333333,0,"B",1,0,8.04,"chick2","F12023","F1"
2222,2023,10.5,7,9.08333333333333,0,"B",1,0,8.04,"chick2","F12023","F1"
2230,2023,10.74,8,5.86666666666667,0,"B",1,0,8.04,"chick2","F12023","F1"
2230,2023,11.19,8,5.86666666666667,0,"B",1,0,8.04,"chick2","F12023","F1"
2230,2023,10.53,8,5.86666666666667,0,"B",1,0,8.04,"chick2","F12023","F1"
2230,2023,11.29,8,5.86666666666667,0,"B",1,0,8.04,"chick2","F12023","F1"
2230,2023,11.84,8,5.86666666666667,0,"B",1,0,8.04,"chick2","F12023","F1"
2230,2023,10.47,8,5.86666666666667,0,"B",1,0,8.04,"chick2","F12023","F1"
2230,2023,9.51,8,5.86666666666667,0,"B",1,0,8.04,"chick2","F12023","F1"
2230,2023,9.49,8,5.86666666666667,0,"B",1,0,8.04,"chick2","F12023","F1"
2232,2023,10.82,9,6.43333333333333,0,"B",1,0,8.04,"chick2","F12023","F1"
2232,2023,11.13,9,6.43333333333333,0,"B",1,0,8.04,"chick2","F12023","F1"
2232,2023,11.21,9,6.43333333333333,0,"B",1,0,8.04,"chick2","F12023","F1"
2232,2023,11.49,9,6.43333333333333,0,"B",1,0,8.04,"chick2","F12023","F1"
2232,2023,11.92,9,6.43333333333333,0,"B",1,0,8.04,"chick2","F12023","F1"
2232,2023,10.7,9,6.43333333333333,0,"B",1,0,8.04,"chick2","F12023","F1"
2232,2023,10.55,9,6.43333333333333,0,"B",1,0,8.04,"chick2","F12023","F1"
2232,2023,11.09,9,6.43333333333333,0,"B",1,0,8.04,"chick2","F12023","F1"
2232,2023,11.49,9,6.43333333333333,0,"B",1,0,8.04,"chick2","F12023","F1"
2234,2023,19.23,6,9.18333333333333,0,"G",1,0,8.04,"chick2","F12023","F1"
2234,2023,12.92,6,9.18333333333333,0,"G",1,0,8.04,"chick2","F12023","F1"
2234,2023,19.29,6,9.18333333333333,0,"G",1,0,8.04,"chick2","F12023","F1"
2234,2023,18.79,6,9.18333333333333,0,"G",1,0,8.04,"chick2","F12023","F1"
2234,2023,18.4,6,9.18333333333333,0,"G",1,0,8.04,"chick2","F12023","F1"
2234,2023,19.42,6,9.18333333333333,0,"G",1,0,8.04,"chick2","F12023","F1"
2245,2023,17.89,7,9.66666666666667,0,"G",1,0,8.04,"chick2","F12023","F1"
2245,2023,16.67,7,9.66666666666667,0,"G",1,0,8.04,"chick2","F12023","F1"
2245,2023,16.46,7,9.66666666666667,0,"G",1,0,8.04,"chick2","F12023","F1"
2245,2023,17.87,7,9.66666666666667,0,"G",1,0,8.04,"chick2","F12023","F1"
2245,2023,17.51,7,9.66666666666667,0,"G",1,0,8.04,"chick2","F12023","F1"
2245,2023,17.49,7,9.66666666666667,0,"G",1,0,8.04,"chick2","F12023","F1"
2245,2023,15.77,7,9.66666666666667,0,"G",1,0,8.04,"chick2","F12023","F1"
2248,2023,10.66,10,7.26666666666667,0,"B",1,0,8.04,"chick2","F12023","F1"
2248,2023,11.04,10,7.26666666666667,0,"B",1,0,8.04,"chick2","F12023","F1"
2248,2023,10.25,10,7.26666666666667,0,"B",1,0,8.04,"chick2","F12023","F1"
2248,2023,10.82,10,7.26666666666667,0,"B",1,0,8.04,"chick2","F12023","F1"
2248,2023,10.13,10,7.26666666666667,0,"B",1,0,8.04,"chick2","F12023","F1"
2248,2023,10.59,10,7.26666666666667,0,"B",1,0,8.04,"chick2","F12023","F1"
2248,2023,10.61,10,7.26666666666667,0,"B",1,0,8.04,"chick2","F12023","F1"
2248,2023,10.27,10,7.26666666666667,0,"B",1,0,8.04,"chick2","F12023","F1"
2248,2023,10.08,10,7.26666666666667,0,"B",1,0,8.04,"chick2","F12023","F1"
2248,2023,11.16,10,7.26666666666667,0,"B",1,0,8.04,"chick2","F12023","F1"
2253,2023,9.9,6,6.25,0,"B",1,0,8.04,"chick2","F12023","F1"
2253,2023,10.53,6,6.25,0,"B",1,0,8.04,"chick2","F12023","F1"
2253,2023,10.68,6,6.25,0,"B",1,0,8.04,"chick2","F12023","F1"
2253,2023,10.12,6,6.25,0,"B",1,0,8.04,"chick2","F12023","F1"
2253,2023,10.34,6,6.25,0,"B",1,0,8.04,"chick2","F12023","F1"
2253,2023,10.73,6,6.25,0,"B",1,0,8.04,"chick2","F12023","F1"
2261,2023,16.28,7,4.45,0,"G",1,1,6.95,"chick2","F22023","F2"
2261,2023,15.39,7,4.45,0,"G",1,1,6.95,"chick2","F22023","F2"
2261,2023,15.62,7,4.45,0,"G",1,1,6.95,"chick2","F22023","F2"
2261,2023,14.57,7,4.45,0,"G",1,1,6.95,"chick2","F22023","F2"
2261,2023,15.71,7,4.45,0,"G",1,1,6.95,"chick2","F22023","F2"
2261,2023,15.89,7,4.45,0,"G",1,1,6.95,"chick2","F22023","F2"
2261,2023,16.25,7,4.45,0,"G",1,1,6.95,"chick2","F22023","F2"
2263,2023,15.94,6,8.41666666666667,0,"G",1,1,6.95,"chick2","F22023","F2"
2263,2023,14.48,6,8.41666666666667,0,"G",1,1,6.95,"chick2","F22023","F2"
2263,2023,16.53,6,8.41666666666667,0,"G",1,1,6.95,"chick2","F22023","F2"
2263,2023,16.6,6,8.41666666666667,0,"G",1,1,6.95,"chick2","F22023","F2"
2263,2023,15.89,6,8.41666666666667,0,"G",1,1,6.95,"chick2","F22023","F2"
2263,2023,14.97,6,8.41666666666667,0,"G",1,1,6.95,"chick2","F22023","F2"
2270,2023,8.91,6,8.1,1,"G",1,1,6.95,"chick2","F22023","F2"
2270,2023,15.13,6,8.1,1,"G",1,1,6.95,"chick2","F22023","F2"
2270,2023,15.59,6,8.1,1,"G",1,1,6.95,"chick2","F22023","F2"
2270,2023,14.18,6,8.1,1,"G",1,1,6.95,"chick2","F22023","F2"
2270,2023,16.63,6,8.1,1,"G",1,1,6.95,"chick2","F22023","F2"
2270,2023,14.82,6,8.1,1,"G",1,1,6.95,"chick2","F22023","F2"
2272,2023,17.26,8,5.25,1,"G",1,1,6.95,"chick2","F22023","F2"
2272,2023,15.06,8,5.25,1,"G",1,1,6.95,"chick2","F22023","F2"
2272,2023,16.43,8,5.25,1,"G",1,1,6.95,"chick2","F22023","F2"
2272,2023,15.57,8,5.25,1,"G",1,1,6.95,"chick2","F22023","F2"
2272,2023,16.37,8,5.25,1,"G",1,1,6.95,"chick2","F22023","F2"
2272,2023,16.5,8,5.25,1,"G",1,1,6.95,"chick2","F22023","F2"
2272,2023,14.89,8,5.25,1,"G",1,1,6.95,"chick2","F22023","F2"
2272,2023,15.08,8,5.25,1,"G",1,1,6.95,"chick2","F22023","F2"
2274,2023,15.13,7,5.96666666666667,1,"G",1,1,6.95,"chick2","F22023","F2"
2274,2023,16.81,7,5.96666666666667,1,"G",1,1,6.95,"chick2","F22023","F2"
2274,2023,16.3,7,5.96666666666667,1,"G",1,1,6.95,"chick2","F22023","F2"
2274,2023,16.4,7,5.96666666666667,1,"G",1,1,6.95,"chick2","F22023","F2"
2274,2023,13.99,7,5.96666666666667,1,"G",1,1,6.95,"chick2","F22023","F2"
2274,2023,16.04,7,5.96666666666667,1,"G",1,1,6.95,"chick2","F22023","F2"
2274,2023,17.06,7,5.96666666666667,1,"G",1,1,6.95,"chick2","F22023","F2"
2278,2023,8.88,6,2.86666666666667,0,"B",1,1,6.95,"chick2","F22023","F2"
2278,2023,9.12,6,2.86666666666667,0,"B",1,1,6.95,"chick2","F22023","F2"
2278,2023,10.6,6,2.86666666666667,0,"B",1,1,6.95,"chick2","F22023","F2"
2278,2023,9.54,6,2.86666666666667,0,"B",1,1,6.95,"chick2","F22023","F2"
2278,2023,9.64,6,2.86666666666667,0,"B",1,1,6.95,"chick2","F22023","F2"
2278,2023,9.74,6,2.86666666666667,0,"B",1,1,6.95,"chick2","F22023","F2"
2287,2023,17.9,6,10.2333333333333,0,"G",1,1,6.95,"chick2","F22023","F2"
2287,2023,17.99,6,10.2333333333333,0,"G",1,1,6.95,"chick2","F22023","F2"
2287,2023,17.7,6,10.2333333333333,0,"G",1,1,6.95,"chick2","F22023","F2"
2287,2023,18.23,6,10.2333333333333,0,"G",1,1,6.95,"chick2","F22023","F2"
2287,2023,18,6,10.2333333333333,0,"G",1,1,6.95,"chick2","F22023","F2"
2287,2023,17.29,6,10.2333333333333,0,"G",1,1,6.95,"chick2","F22023","F2"
2289,2023,10.05,9,6.21666666666667,0,"B",1,1,6.95,"chick2","F22023","F2"
2289,2023,11.09,9,6.21666666666667,0,"B",1,1,6.95,"chick2","F22023","F2"
2289,2023,11.35,9,6.21666666666667,0,"B",1,1,6.95,"chick2","F22023","F2"
2289,2023,11.38,9,6.21666666666667,0,"B",1,1,6.95,"chick2","F22023","F2"
2289,2023,11.61,9,6.21666666666667,0,"B",1,1,6.95,"chick2","F22023","F2"
2289,2023,10.46,9,6.21666666666667,0,"B",1,1,6.95,"chick2","F22023","F2"
2289,2023,11.84,9,6.21666666666667,0,"B",1,1,6.95,"chick2","F22023","F2"
2289,2023,10.99,9,6.21666666666667,0,"B",1,1,6.95,"chick2","F22023","F2"
2289,2023,13.15,9,6.21666666666667,0,"B",1,1,6.95,"chick2","F22023","F2"
2292,2023,12.43,5,5.55,1,"G",1,1,6.95,"chick2","F22023","F2"
2292,2023,11.51,5,5.55,1,"G",1,1,6.95,"chick2","F22023","F2"
2292,2023,11.18,5,5.55,1,"G",1,1,6.95,"chick2","F22023","F2"
2292,2023,12.34,5,5.55,1,"G",1,1,6.95,"chick2","F22023","F2"
2292,2023,11.57,5,5.55,1,"G",1,1,6.95,"chick2","F22023","F2"
2295,2023,8.9,9,2.81666666666667,1,"B",1,1,6.95,"chick2","F22023","F2"
2295,2023,9.97,9,2.98333333333333,1,"B",1,1,6.95,"chick2","F22023","F2"
2295,2023,10.76,9,2.98333333333333,1,"B",1,1,6.95,"chick2","F22023","F2"
2295,2023,8.63,9,2.81666666666667,1,"B",1,1,6.95,"chick2","F22023","F2"
2295,2023,10.51,9,2.81666666666667,1,"B",1,1,6.95,"chick2","F22023","F2"
2295,2023,9.41,9,2.98333333333333,1,"B",1,1,6.95,"chick2","F22023","F2"
2295,2023,9.96,9,2.81666666666667,1,"B",1,1,6.95,"chick2","F22023","F2"
2295,2023,8.96,9,2.81666666666667,1,"B",1,1,6.95,"chick2","F22023","F2"
2295,2023,9.16,9,2.98333333333333,1,"B",1,1,6.95,"chick2","F22023","F2"
2302,2023,15.81,7,3.48333333333333,0,"G",1,1,6.95,"chick2","F22023","F2"
2302,2023,18,7,3.48333333333333,0,"G",1,1,6.95,"chick2","F22023","F2"
2302,2023,18.2,7,3.48333333333333,0,"G",1,1,6.95,"chick2","F22023","F2"
2302,2023,15.1,7,3.48333333333333,0,"G",1,1,6.95,"chick2","F22023","F2"
2302,2023,14.59,7,3.48333333333333,0,"G",1,1,6.95,"chick2","F22023","F2"
2302,2023,12.24,7,3.48333333333333,0,"G",1,1,6.95,"chick2","F22023","F2"
2302,2023,16.1,7,3.48333333333333,0,"G",1,1,6.95,"chick2","F22023","F2"
2308,2023,13.55,5,3.71666666666667,0,"G",1,1,6.95,"chick2","F22023","F2"
2308,2023,15.2,5,3.71666666666667,0,"G",1,1,6.95,"chick2","F22023","F2"
2308,2023,14.41,5,3.71666666666667,0,"G",1,1,6.95,"chick2","F22023","F2"
2308,2023,14.1,5,3.71666666666667,0,"G",1,1,6.95,"chick2","F22023","F2"
2308,2023,14.43,5,3.71666666666667,0,"G",1,1,6.95,"chick2","F22023","F2"
2348,2024,11.7,2,7.71666666666667,0,"G",1,1,6.91,"chick2","A12024","A1"
2348,2024,11,2,7.71666666666667,0,"G",1,1,6.91,"chick2","A12024","A1"
2364,2024,16.44,7,3.63333333333333,0,"G",1,1,6.91,"chick2","A12024","A1"
2364,2024,15.1,7,3.63333333333333,0,"G",1,1,6.91,"chick2","A12024","A1"
2364,2024,15.83,7,3.63333333333333,0,"G",1,1,6.91,"chick2","A12024","A1"
2364,2024,15.67,7,3.63333333333333,0,"G",1,1,6.91,"chick2","A12024","A1"
2364,2024,15.82,7,3.63333333333333,0,"G",1,1,6.91,"chick2","A12024","A1"
2364,2024,15.33,7,3.63333333333333,0,"G",1,1,6.91,"chick2","A12024","A1"
2364,2024,16.48,7,3.63333333333333,0,"G",1,1,6.91,"chick2","A12024","A1"
2393,2024,10.64,4,4.3,0,"B",0,1,6.38,"chick2","A22024","A2"
2393,2024,11.72,4,4.3,0,"B",0,1,6.38,"chick2","A22024","A2"
2393,2024,12.44,4,4.3,0,"B",0,1,6.38,"chick2","A22024","A2"
2393,2024,12.12,4,4.3,0,"B",0,1,6.38,"chick2","A22024","A2"
2403,2024,11.86,4,9.3,0,"B",0,1,6.38,"chick2","A22024","A2"
2403,2024,11.51,4,9.3,0,"B",0,1,6.38,"chick2","A22024","A2"
2403,2024,11.96,4,9.3,0,"B",0,1,6.38,"chick2","A22024","A2"
2403,2024,11.31,4,9.3,0,"B",0,1,6.38,"chick2","A22024","A2"
2417,2024,10.6,10,5.28333333333333,0,"B",0,1,6.38,"chick2","A22024","A2"
2417,2024,9.2,10,5.28333333333333,0,"B",0,1,6.38,"chick2","A22024","A2"
2417,2024,10.4,10,5.28333333333333,0,"B",0,1,6.38,"chick2","A22024","A2"
2417,2024,10.1,10,5.28333333333333,0,"B",0,1,6.38,"chick2","A22024","A2"
2417,2024,10.1,10,5.28333333333333,0,"B",0,1,6.38,"chick2","A22024","A2"
2417,2024,10.4,10,5.28333333333333,0,"B",0,1,6.38,"chick2","A22024","A2"
2417,2024,10.9,10,5.28333333333333,0,"B",0,1,6.38,"chick2","A22024","A2"
2417,2024,10.9,10,5.28333333333333,0,"B",0,1,6.38,"chick2","A22024","A2"
2417,2024,8.8,10,5.28333333333333,0,"B",0,1,6.38,"chick2","A22024","A2"
2417,2024,9.5,10,5.28333333333333,0,"B",0,1,6.38,"chick2","A22024","A2"
2421,2024,9,4,4.75,0,"B",1,0,5.08,"chick2","C12024","C1"
2421,2024,9.7,4,4.75,0,"B",1,0,5.08,"chick2","C12024","C1"
2421,2024,8.1,4,4.75,0,"B",1,0,5.08,"chick2","C12024","C1"
2421,2024,9.3,4,4.75,0,"B",1,0,5.08,"chick2","C12024","C1"
2425,2024,14.84,4,7.26666666666667,0,"G",1,0,5.08,"chick2","C12024","C1"
2425,2024,14.78,4,7.26666666666667,0,"G",1,0,5.08,"chick2","C12024","C1"
2425,2024,14.74,4,7.26666666666667,0,"G",1,0,5.08,"chick2","C12024","C1"
2425,2024,15.02,4,7.26666666666667,0,"G",1,0,5.08,"chick2","C12024","C1"
2428,2024,11.41,8,4.18333333333333,0,"B",1,0,5.08,"chick2","C12024","C1"
2428,2024,10.74,8,4.18333333333333,0,"B",1,0,5.08,"chick2","C12024","C1"
2428,2024,9.51,8,4.18333333333333,0,"B",1,0,5.08,"chick2","C12024","C1"
2428,2024,10.59,8,4.18333333333333,0,"B",1,0,5.08,"chick2","C12024","C1"
2428,2024,9.9,8,4.18333333333333,0,"B",1,0,5.08,"chick2","C12024","C1"
2428,2024,9.27,8,4.18333333333333,0,"B",1,0,5.08,"chick2","C12024","C1"
2428,2024,9.72,8,4.18333333333333,0,"B",1,0,5.08,"chick2","C12024","C1"
2428,2024,10.01,8,4.18333333333333,0,"B",1,0,5.08,"chick2","C12024","C1"
2429,2024,18.9,6,7.63333333333333,0,"G",1,0,5.08,"chick2","C12024","C1"
2429,2024,18.6,6,7.63333333333333,0,"G",1,0,5.08,"chick2","C12024","C1"
2429,2024,17.2,6,7.63333333333333,0,"G",1,0,5.08,"chick2","C12024","C1"
2429,2024,17.2,6,7.63333333333333,0,"G",1,0,5.08,"chick2","C12024","C1"
2429,2024,16.9,6,7.63333333333333,0,"G",1,0,5.08,"chick2","C12024","C1"
2429,2024,17.5,6,7.63333333333333,0,"G",1,0,5.08,"chick2","C12024","C1"
2430,2024,9.6,6,7.38333333333333,0,"B",1,0,5.08,"chick2","C12024","C1"
2430,2024,7,6,7.38333333333333,0,"B",1,0,5.08,"chick2","C12024","C1"
2430,2024,6.6,6,7.38333333333333,0,"B",1,0,5.08,"chick2","C12024","C1"
2430,2024,8.2,6,7.38333333333333,0,"B",1,0,5.08,"chick2","C12024","C1"
2430,2024,8.5,6,7.38333333333333,0,"B",1,0,5.08,"chick2","C12024","C1"
2430,2024,8.5,6,7.38333333333333,0,"B",1,0,5.08,"chick2","C12024","C1"
2433,2024,16.25,6,6.33333333333333,0,"G",1,0,5.08,"chick2","C12024","C1"
2433,2024,15.5,6,6.33333333333333,0,"G",1,0,5.08,"chick2","C12024","C1"
2433,2024,16.72,6,6.33333333333333,0,"G",1,0,5.08,"chick2","C12024","C1"
2433,2024,16.51,6,6.33333333333333,0,"G",1,0,5.08,"chick2","C12024","C1"
2433,2024,16.32,6,6.33333333333333,0,"G",1,0,5.08,"chick2","C12024","C1"
2433,2024,15.65,6,6.33333333333333,0,"G",1,0,5.08,"chick2","C12024","C1"
2435,2024,11.18,4,7.46666666666667,0,"B",0,1,5.77,"chick2","C22024","C2"
2435,2024,10.31,4,7.46666666666667,0,"B",0,1,5.77,"chick2","C22024","C2"
2435,2024,9.43,4,7.46666666666667,0,"B",0,1,5.77,"chick2","C22024","C2"
2435,2024,10.92,4,7.46666666666667,0,"B",0,1,5.77,"chick2","C22024","C2"
2436,2024,9.4,3,9.28333333333333,0,"B",0,1,5.77,"chick2","C22024","C2"
2436,2024,10,3,9.28333333333333,0,"B",0,1,5.77,"chick2","C22024","C2"
2436,2024,9.17,3,9.28333333333333,0,"B",0,1,5.77,"chick2","C22024","C2"
2438,2024,8.8,8,4.8,0,"B",0,1,5.77,"chick2","C22024","C2"
2438,2024,9.4,8,4.8,0,"B",0,1,5.77,"chick2","C22024","C2"
2438,2024,9.5,8,4.8,0,"B",0,1,5.77,"chick2","C22024","C2"
2438,2024,9.5,8,4.8,0,"B",0,1,5.77,"chick2","C22024","C2"
2438,2024,10,8,4.8,0,"B",0,1,5.77,"chick2","C22024","C2"
2438,2024,9.6,8,4.8,0,"B",0,1,5.77,"chick2","C22024","C2"
2438,2024,9.6,8,4.8,0,"B",0,1,5.77,"chick2","C22024","C2"
2438,2024,9.9,8,4.8,0,"B",0,1,5.77,"chick2","C22024","C2"
2439,2024,8.1,7,3.15,0,"B",1,0,5.08,"chick2","C12024","C1"
2439,2024,9.6,7,3.15,0,"B",1,0,5.08,"chick2","C12024","C1"
2439,2024,9.8,7,3.15,0,"B",1,0,5.08,"chick2","C12024","C1"
2439,2024,9.7,7,3.15,0,"B",1,0,5.08,"chick2","C12024","C1"
2439,2024,9.1,7,3.15,0,"B",1,0,5.08,"chick2","C12024","C1"
2439,2024,6.9,7,3.15,0,"B",1,0,5.08,"chick2","C12024","C1"
2439,2024,9.1,7,3.15,0,"B",1,0,5.08,"chick2","C12024","C1"
2440,2024,11.44,7,3.41666666666667,0,"B",1,0,5.08,"chick2","C12024","C1"
2440,2024,9.24,7,3.41666666666667,0,"B",1,0,5.08,"chick2","C12024","C1"
2440,2024,11.58,7,3.41666666666667,0,"B",1,0,5.08,"chick2","C12024","C1"
2440,2024,11.37,7,3.41666666666667,0,"B",1,0,5.08,"chick2","C12024","C1"
2440,2024,11.15,7,3.41666666666667,0,"B",1,0,5.08,"chick2","C12024","C1"
2440,2024,10.24,7,3.41666666666667,0,"B",1,0,5.08,"chick2","C12024","C1"
2440,2024,10.04,7,3.41666666666667,0,"B",1,0,5.08,"chick2","C12024","C1"
2442,2024,12.73,9,8.26666666666667,0,"G",1,0,5.08,"chick2","C12024","C1"
2442,2024,14.45,9,8.26666666666667,0,"G",1,0,5.08,"chick2","C12024","C1"
2442,2024,14.95,9,8.26666666666667,0,"G",1,0,5.08,"chick2","C12024","C1"
2442,2024,14.14,9,8.26666666666667,0,"G",1,0,5.08,"chick2","C12024","C1"
2442,2024,15.12,9,8.26666666666667,0,"G",1,0,5.08,"chick2","C12024","C1"
2442,2024,13.96,9,8.26666666666667,0,"G",1,0,5.08,"chick2","C12024","C1"
2442,2024,13.34,9,8.26666666666667,0,"G",1,0,5.08,"chick2","C12024","C1"
2442,2024,15.36,9,8.26666666666667,0,"G",1,0,5.08,"chick2","C12024","C1"
2442,2024,15.53,9,8.26666666666667,0,"G",1,0,5.08,"chick2","C12024","C1"
2445,2024,10.76,9,3.7,0,"B",1,0,5.08,"chick2","C12024","C1"
2445,2024,11.66,9,3.7,0,"B",1,0,5.08,"chick2","C12024","C1"
2445,2024,12.17,9,3.7,0,"B",1,0,5.08,"chick2","C12024","C1"
2445,2024,10.4,9,3.7,0,"B",1,0,5.08,"chick2","C12024","C1"
2445,2024,11.57,9,3.7,0,"B",1,0,5.08,"chick2","C12024","C1"
2445,2024,11.4,9,3.7,0,"B",1,0,5.08,"chick2","C12024","C1"
2445,2024,11.93,9,3.7,0,"B",1,0,5.08,"chick2","C12024","C1"
2445,2024,11.64,9,3.7,0,"B",1,0,5.08,"chick2","C12024","C1"
2445,2024,11.43,9,3.7,0,"B",1,0,5.08,"chick2","C12024","C1"
2452,2024,9.11,9,6.3,0,"B",0,1,5.77,"chick2","C22024","C2"
2452,2024,10.9,9,6.3,0,"B",0,1,5.77,"chick2","C22024","C2"
2452,2024,9.37,9,6.3,0,"B",0,1,5.77,"chick2","C22024","C2"
2452,2024,8.2,9,6.3,0,"B",0,1,5.77,"chick2","C22024","C2"
2452,2024,9.99,9,6.3,0,"B",0,1,5.77,"chick2","C22024","C2"
2452,2024,7.1,9,6.3,0,"B",0,1,5.77,"chick2","C22024","C2"
2452,2024,9.28,9,6.3,0,"B",0,1,5.77,"chick2","C22024","C2"
2452,2024,8.76,9,6.3,0,"B",0,1,5.77,"chick2","C22024","C2"
2456,2024,10.81,8,4.51666666666667,0,"B",0,1,5.77,"chick2","C22024","C2"
2456,2024,11.6,8,4.51666666666667,0,"B",0,1,5.77,"chick2","C22024","C2"
2456,2024,10.2,8,4.51666666666667,0,"B",0,1,5.77,"chick2","C22024","C2"
2456,2024,9.72,8,4.51666666666667,0,"B",0,1,5.77,"chick2","C22024","C2"
2456,2024,10.11,8,4.51666666666667,0,"B",0,1,5.77,"chick2","C22024","C2"
2456,2024,10.61,8,4.51666666666667,0,"B",0,1,5.77,"chick2","C22024","C2"
2456,2024,9.44,8,4.51666666666667,0,"B",0,1,5.77,"chick2","C22024","C2"
2456,2024,10.85,8,4.51666666666667,0,"B",0,1,5.77,"chick2","C22024","C2"
2457,2024,12.95,6,4.88333333333333,0,"G",1,0,5.08,"chick2","C12024","C1"
2457,2024,13.55,6,4.88333333333333,0,"G",1,0,5.08,"chick2","C12024","C1"
2457,2024,15.3,6,4.88333333333333,0,"G",1,0,5.08,"chick2","C12024","C1"
2457,2024,15.49,6,4.88333333333333,0,"G",1,0,5.08,"chick2","C12024","C1"
2457,2024,14.68,6,4.88333333333333,0,"G",1,0,5.08,"chick2","C12024","C1"
2457,2024,14.43,6,4.88333333333333,0,"G",1,0,5.08,"chick2","C12024","C1"
2458,2024,17.4,8,2.21666666666667,0,"G",1,0,5.08,"chick2","C12024","C1"
2458,2024,16,8,2.21666666666667,0,"G",1,0,5.08,"chick2","C12024","C1"
2458,2024,15.5,8,2.21666666666667,0,"G",1,0,5.08,"chick2","C12024","C1"
2458,2024,14.9,8,2.21666666666667,0,"G",1,0,5.08,"chick2","C12024","C1"
2458,2024,16.3,8,2.21666666666667,0,"G",1,0,5.08,"chick2","C12024","C1"
2458,2024,15.2,8,2.21666666666667,0,"G",1,0,5.08,"chick2","C12024","C1"
2458,2024,16.6,8,2.21666666666667,0,"G",1,0,5.08,"chick2","C12024","C1"
2458,2024,13.9,8,2.21666666666667,0,"G",1,0,5.08,"chick2","C12024","C1"
2460,2024,11.22,5,3.26666666666667,0,"B",1,0,5.08,"chick2","C12024","C1"
2460,2024,11.11,5,3.26666666666667,0,"B",1,0,5.08,"chick2","C12024","C1"
2460,2024,10.54,5,3.26666666666667,0,"B",1,0,5.08,"chick2","C12024","C1"
2460,2024,10.72,5,3.26666666666667,0,"B",1,0,5.08,"chick2","C12024","C1"
2460,2024,9.99,5,3.26666666666667,0,"B",1,0,5.08,"chick2","C12024","C1"
2461,2024,11.91,9,6.16666666666667,0,"B",1,0,5.08,"chick2","C12024","C1"
2461,2024,10.42,9,6.16666666666667,0,"B",1,0,5.08,"chick2","C12024","C1"
2461,2024,11.64,9,6.16666666666667,0,"B",1,0,5.08,"chick2","C12024","C1"
2461,2024,11.29,9,6.16666666666667,0,"B",1,0,5.08,"chick2","C12024","C1"
2461,2024,11.62,9,6.16666666666667,0,"B",1,0,5.08,"chick2","C12024","C1"
2461,2024,11.1,9,6.16666666666667,0,"B",1,0,5.08,"chick2","C12024","C1"
2461,2024,11.67,9,6.16666666666667,0,"B",1,0,5.08,"chick2","C12024","C1"
2461,2024,11.1,9,6.16666666666667,0,"B",1,0,5.08,"chick2","C12024","C1"
2461,2024,11.2,9,6.16666666666667,0,"B",1,0,5.08,"chick2","C12024","C1"
2463,2024,10.34,9,6.46666666666667,0,"B",1,0,5.08,"chick2","C12024","C1"
2463,2024,10.6,9,6.46666666666667,0,"B",1,0,5.08,"chick2","C12024","C1"
2463,2024,9.55,9,6.46666666666667,0,"B",1,0,5.08,"chick2","C12024","C1"
2463,2024,10.39,9,6.46666666666667,0,"B",1,0,5.08,"chick2","C12024","C1"
2463,2024,9.86,9,6.46666666666667,0,"B",1,0,5.08,"chick2","C12024","C1"
2463,2024,11.15,9,6.46666666666667,0,"B",1,0,5.08,"chick2","C12024","C1"
2463,2024,9.99,9,6.46666666666667,0,"B",1,0,5.08,"chick2","C12024","C1"
2463,2024,10.26,9,6.46666666666667,0,"B",1,0,5.08,"chick2","C12024","C1"
2463,2024,10.01,9,6.46666666666667,0,"B",1,0,5.08,"chick2","C12024","C1"
2466,2024,10.91,8,5.55,0,"B",0,1,5.77,"chick2","C22024","C2"
2466,2024,11.5,8,5.55,0,"B",0,1,5.77,"chick2","C22024","C2"
2466,2024,11.1,8,5.55,0,"B",0,1,5.77,"chick2","C22024","C2"
2466,2024,10.7,8,5.55,0,"B",0,1,5.77,"chick2","C22024","C2"
2466,2024,10.8,8,5.55,0,"B",0,1,5.77,"chick2","C22024","C2"
2466,2024,8.83,8,5.55,0,"B",0,1,5.77,"chick2","C22024","C2"
2466,2024,12.4,8,5.55,0,"B",0,1,5.77,"chick2","C22024","C2"
2466,2024,11.7,8,5.55,0,"B",0,1,5.77,"chick2","C22024","C2"
2468,2024,9.3,9,7.3,0,"B",0,1,5.77,"chick2","C22024","C2"
2468,2024,9.4,9,7.3,0,"B",0,1,5.77,"chick2","C22024","C2"
2468,2024,10.02,9,7.3,0,"B",0,1,5.77,"chick2","C22024","C2"
2468,2024,10.35,9,7.3,0,"B",0,1,5.77,"chick2","C22024","C2"
2468,2024,9.65,9,7.3,0,"B",0,1,5.77,"chick2","C22024","C2"
2468,2024,10.03,9,7.3,0,"B",0,1,5.77,"chick2","C22024","C2"
2468,2024,10.25,9,7.3,0,"B",0,1,5.77,"chick2","C22024","C2"
2468,2024,9.91,9,7.3,0,"B",0,1,5.77,"chick2","C22024","C2"
2468,2024,10.07,9,7.3,0,"B",0,1,5.77,"chick2","C22024","C2"
2474,2024,13.6,7,2.88333333333333,0,"G",1,0,5.08,"chick2","C12024","C1"
2474,2024,16.7,7,2.88333333333333,0,"G",1,0,5.08,"chick2","C12024","C1"
2474,2024,17.3,7,2.88333333333333,0,"G",1,0,5.08,"chick2","C12024","C1"
2474,2024,17.5,7,2.88333333333333,0,"G",1,0,5.08,"chick2","C12024","C1"
2474,2024,17.6,7,2.88333333333333,0,"G",1,0,5.08,"chick2","C12024","C1"
2474,2024,12.9,7,2.88333333333333,0,"G",1,0,5.08,"chick2","C12024","C1"
2474,2024,17.5,7,2.88333333333333,0,"G",1,0,5.08,"chick2","C12024","C1"
2479,2024,15.82,7,7.06666666666667,0,"G",0,1,5.77,"chick2","C22024","C2"
2479,2024,17.75,7,7.06666666666667,0,"G",0,1,5.77,"chick2","C22024","C2"
2479,2024,17.41,7,7.06666666666667,0,"G",0,1,5.77,"chick2","C22024","C2"
2479,2024,16.57,7,7.06666666666667,0,"G",0,1,5.77,"chick2","C22024","C2"
2479,2024,16,7,7.06666666666667,0,"G",0,1,5.77,"chick2","C22024","C2"
2479,2024,17.27,7,7.06666666666667,0,"G",0,1,5.77,"chick2","C22024","C2"
2479,2024,16.26,7,7.06666666666667,0,"G",0,1,5.77,"chick2","C22024","C2"
2483,2024,10.17,9,6.8,0,"B",0,1,5.77,"chick2","C22024","C2"
2483,2024,9.76,9,6.8,0,"B",0,1,5.77,"chick2","C22024","C2"
2483,2024,9.93,9,6.8,0,"B",0,1,5.77,"chick2","C22024","C2"
2483,2024,10.33,9,6.8,0,"B",0,1,5.77,"chick2","C22024","C2"
2483,2024,10.3,9,6.8,0,"B",0,1,5.77,"chick2","C22024","C2"
2483,2024,10.67,9,6.8,0,"B",0,1,5.77,"chick2","C22024","C2"
2483,2024,11.43,9,6.8,0,"B",0,1,5.77,"chick2","C22024","C2"
2483,2024,10.29,9,6.8,0,"B",0,1,5.77,"chick2","C22024","C2"
2483,2024,10.5,9,6.8,0,"B",0,1,5.77,"chick2","C22024","C2"
2488,2024,10.91,8,8.21666666666667,0,"B",0,1,5.77,"chick2","C22024","C2"
2488,2024,11.57,8,8.21666666666667,0,"B",0,1,5.77,"chick2","C22024","C2"
2488,2024,11.22,8,8.21666666666667,0,"B",0,1,5.77,"chick2","C22024","C2"
2488,2024,11.61,8,8.21666666666667,0,"B",0,1,5.77,"chick2","C22024","C2"
2488,2024,11.68,8,8.21666666666667,0,"B",0,1,5.77,"chick2","C22024","C2"
2488,2024,10.51,8,8.21666666666667,0,"B",0,1,5.77,"chick2","C22024","C2"
2488,2024,11.26,8,8.21666666666667,0,"B",0,1,5.77,"chick2","C22024","C2"
2488,2024,10.28,8,8.21666666666667,0,"B",0,1,5.77,"chick2","C22024","C2"
2492,2024,6.87,10,7.71666666666667,0,"B",1,1,5.98,"chick2","B12024","B1"
2492,2024,9.55,10,7.71666666666667,0,"B",1,1,5.98,"chick2","B12024","B1"
2492,2024,11.5,10,7.71666666666667,0,"B",1,1,5.98,"chick2","B12024","B1"
2492,2024,9.85,10,7.71666666666667,0,"B",1,1,5.98,"chick2","B12024","B1"
2492,2024,9.77,10,7.71666666666667,0,"B",1,1,5.98,"chick2","B12024","B1"
2492,2024,10.5,10,7.71666666666667,0,"B",1,1,5.98,"chick2","B12024","B1"
2492,2024,6.25,10,7.71666666666667,0,"B",1,1,5.98,"chick2","B12024","B1"
2492,2024,11.09,10,7.71666666666667,0,"B",1,1,5.98,"chick2","B12024","B1"
2492,2024,9.84,10,7.71666666666667,0,"B",1,1,5.98,"chick2","B12024","B1"
2494,2024,10.7,7,9.18333333333333,0,"B",1,1,5.98,"chick2","B12024","B1"
2494,2024,11.3,7,9.18333333333333,0,"B",1,1,5.98,"chick2","B12024","B1"
2494,2024,11.5,7,9.18333333333333,0,"B",1,1,5.98,"chick2","B12024","B1"
2494,2024,11.7,7,9.18333333333333,0,"B",1,1,5.98,"chick2","B12024","B1"
2494,2024,11.7,7,9.18333333333333,0,"B",1,1,5.98,"chick2","B12024","B1"
2494,2024,12,7,9.18333333333333,0,"B",1,1,5.98,"chick2","B12024","B1"
2494,2024,10,7,9.18333333333333,0,"B",1,1,5.98,"chick2","B12024","B1"
2498,2024,11.1,8,5.61666666666667,0,"B",0,0,6.13,"chick2","B22024","B2"
2498,2024,11.19,8,5.61666666666667,0,"B",0,0,6.13,"chick2","B22024","B2"
2498,2024,6.69,8,5.61666666666667,0,"B",0,0,6.13,"chick2","B22024","B2"
2498,2024,11.92,8,5.61666666666667,0,"B",0,0,6.13,"chick2","B22024","B2"
2498,2024,11.1,8,5.61666666666667,0,"B",0,0,6.13,"chick2","B22024","B2"
2498,2024,10.59,8,5.61666666666667,0,"B",0,0,6.13,"chick2","B22024","B2"
2498,2024,11.56,8,5.61666666666667,0,"B",0,0,6.13,"chick2","B22024","B2"
2498,2024,12.4,8,5.61666666666667,0,"B",0,0,6.13,"chick2","B22024","B2"
2500,2024,10.59,7,3.66666666666667,0,"B",0,0,6.13,"chick2","B22024","B2"
2500,2024,8.75,7,3.66666666666667,0,"B",0,0,6.13,"chick2","B22024","B2"
2500,2024,9.69,7,3.66666666666667,0,"B",0,0,6.13,"chick2","B22024","B2"
2500,2024,10.29,7,3.66666666666667,0,"B",0,0,6.13,"chick2","B22024","B2"
2500,2024,10.7,7,3.66666666666667,0,"B",0,0,6.13,"chick2","B22024","B2"
2500,2024,9.06,7,3.66666666666667,0,"B",0,0,6.13,"chick2","B22024","B2"
2500,2024,10.37,7,3.66666666666667,0,"B",0,0,6.13,"chick2","B22024","B2"
2517,2024,10.98,8,5.78333333333333,0,"B",1,1,5.98,"chick2","B12024","B1"
2517,2024,11.17,8,5.78333333333333,0,"B",1,1,5.98,"chick2","B12024","B1"
2517,2024,10.99,8,5.78333333333333,0,"B",1,1,5.98,"chick2","B12024","B1"
2517,2024,10.77,8,5.78333333333333,0,"B",1,1,5.98,"chick2","B12024","B1"
2517,2024,9.4,8,5.78333333333333,0,"B",1,1,5.98,"chick2","B12024","B1"
2517,2024,10.99,8,5.78333333333333,0,"B",1,1,5.98,"chick2","B12024","B1"
2517,2024,11.48,8,5.78333333333333,0,"B",1,1,5.98,"chick2","B12024","B1"
2517,2024,10.78,8,5.78333333333333,0,"B",1,1,5.98,"chick2","B12024","B1"
2518,2024,11.97,10,6.16666666666667,0,"G",1,1,5.98,"chick2","B12024","B1"
2518,2024,15.44,10,6.16666666666667,0,"G",1,1,5.98,"chick2","B12024","B1"
2518,2024,14.18,10,6.16666666666667,0,"G",1,1,5.98,"chick2","B12024","B1"
2518,2024,14.29,10,6.16666666666667,0,"G",1,1,5.98,"chick2","B12024","B1"
2518,2024,14.95,10,6.16666666666667,0,"G",1,1,5.98,"chick2","B12024","B1"
2518,2024,15.34,10,6.16666666666667,0,"G",1,1,5.98,"chick2","B12024","B1"
2518,2024,12.02,10,6.16666666666667,0,"G",1,1,5.98,"chick2","B12024","B1"
2518,2024,13.51,10,6.16666666666667,0,"G",1,1,5.98,"chick2","B12024","B1"
2518,2024,11.26,10,6.16666666666667,0,"G",1,1,5.98,"chick2","B12024","B1"
2518,2024,14.8,10,6.16666666666667,0,"G",1,1,5.98,"chick2","B12024","B1"
2519,2024,10.92,9,6.95,0,"B",1,1,5.98,"chick2","B12024","B1"
2519,2024,11.85,9,6.95,0,"B",1,1,5.98,"chick2","B12024","B1"
2519,2024,9.29,9,6.95,0,"B",1,1,5.98,"chick2","B12024","B1"
2519,2024,11.55,9,6.95,0,"B",1,1,5.98,"chick2","B12024","B1"
2519,2024,10.03,9,6.95,0,"B",1,1,5.98,"chick2","B12024","B1"
2519,2024,16.17,9,6.95,0,"B",1,1,5.98,"chick2","B12024","B1"
2519,2024,10.6,9,6.95,0,"B",1,1,5.98,"chick2","B12024","B1"
2519,2024,11.49,9,6.95,0,"B",1,1,5.98,"chick2","B12024","B1"
2519,2024,10.38,9,6.95,0,"B",1,1,5.98,"chick2","B12024","B1"
2522,2024,15.73,9,6.66666666666667,0,"G",0,0,6.13,"chick2","B22024","B2"
2522,2024,15.63,9,6.66666666666667,0,"G",0,0,6.13,"chick2","B22024","B2"
2522,2024,15.62,9,6.66666666666667,0,"G",0,0,6.13,"chick2","B22024","B2"
2522,2024,16.58,9,6.66666666666667,0,"G",0,0,6.13,"chick2","B22024","B2"
2522,2024,15.34,9,6.66666666666667,0,"G",0,0,6.13,"chick2","B22024","B2"
2522,2024,14.68,9,6.66666666666667,0,"G",0,0,6.13,"chick2","B22024","B2"
2522,2024,14.17,9,6.66666666666667,0,"G",0,0,6.13,"chick2","B22024","B2"
2522,2024,13.97,9,6.66666666666667,0,"G",0,0,6.13,"chick2","B22024","B2"
2522,2024,15.75,9,6.66666666666667,0,"G",0,0,6.13,"chick2","B22024","B2"
2531,2024,10,10,6.91666666666667,0,"B",1,1,5.98,"chick2","B12024","B1"
2531,2024,10.9,10,6.91666666666667,0,"B",1,1,5.98,"chick2","B12024","B1"
2531,2024,11,10,6.91666666666667,0,"B",1,1,5.98,"chick2","B12024","B1"
2531,2024,11.2,10,6.91666666666667,0,"B",1,1,5.98,"chick2","B12024","B1"
2531,2024,11.6,10,6.91666666666667,0,"B",1,1,5.98,"chick2","B12024","B1"
2531,2024,10,10,6.91666666666667,0,"B",1,1,5.98,"chick2","B12024","B1"
2531,2024,11.3,10,6.91666666666667,0,"B",1,1,5.98,"chick2","B12024","B1"
2531,2024,10,10,6.91666666666667,0,"B",1,1,5.98,"chick2","B12024","B1"
2531,2024,10.5,10,6.91666666666667,0,"B",1,1,5.98,"chick2","B12024","B1"
2538,2024,9.1,10,6.25,1,"B",1,1,5.98,"chick2","B12024","B1"
2538,2024,10.4,10,6.25,1,"B",1,1,5.98,"chick2","B12024","B1"
2538,2024,11.6,10,6.25,1,"B",1,1,5.98,"chick2","B12024","B1"
2538,2024,10.5,10,6.25,1,"B",1,1,5.98,"chick2","B12024","B1"
2538,2024,9.5,10,6.25,1,"B",1,1,5.98,"chick2","B12024","B1"
2538,2024,11.5,10,6.25,1,"B",1,1,5.98,"chick2","B12024","B1"
2538,2024,10.2,10,6.25,1,"B",1,1,5.98,"chick2","B12024","B1"
2538,2024,11.4,10,6.25,1,"B",1,1,5.98,"chick2","B12024","B1"
2538,2024,11,10,6.25,1,"B",1,1,5.98,"chick2","B12024","B1"
2538,2024,11.4,10,6.25,1,"B",1,1,5.98,"chick2","B12024","B1"
2540,2024,13.1,6,3.76666666666667,1,"G",1,1,5.98,"chick2","B12024","B1"
2540,2024,15,6,3.76666666666667,1,"G",1,1,5.98,"chick2","B12024","B1"
2540,2024,17.02,6,3.76666666666667,1,"G",1,1,5.98,"chick2","B12024","B1"
2540,2024,16.87,6,3.76666666666667,1,"G",1,1,5.98,"chick2","B12024","B1"
2540,2024,15.74,6,3.76666666666667,1,"G",1,1,5.98,"chick2","B12024","B1"
2540,2024,18.09,6,3.76666666666667,1,"G",1,1,5.98,"chick2","B12024","B1"
2542,2024,10.35,7,5.7,0,"B",0,0,6.13,"chick2","B22024","B2"
2542,2024,9.88,7,5.7,0,"B",0,0,6.13,"chick2","B22024","B2"
2542,2024,10.74,7,5.7,0,"B",0,0,6.13,"chick2","B22024","B2"
2542,2024,7.69,7,5.7,0,"B",0,0,6.13,"chick2","B22024","B2"
2542,2024,11.22,7,5.7,0,"B",0,0,6.13,"chick2","B22024","B2"
2542,2024,10.08,7,5.7,0,"B",0,0,6.13,"chick2","B22024","B2"
2542,2024,9.14,7,5.7,0,"B",0,0,6.13,"chick2","B22024","B2"
2555,2024,9.7,8,5.81666666666667,1,"B",1,1,5.98,"chick2","B12024","B1"
2555,2024,10.1,8,5.81666666666667,1,"B",1,1,5.98,"chick2","B12024","B1"
2555,2024,10.1,8,5.81666666666667,1,"B",1,1,5.98,"chick2","B12024","B1"
2555,2024,10.4,8,5.81666666666667,1,"B",1,1,5.98,"chick2","B12024","B1"
2555,2024,10.7,8,5.81666666666667,1,"B",1,1,5.98,"chick2","B12024","B1"
2555,2024,9.1,8,5.81666666666667,1,"B",1,1,5.98,"chick2","B12024","B1"
2555,2024,11.1,8,5.81666666666667,1,"B",1,1,5.98,"chick2","B12024","B1"
2555,2024,10.8,8,5.81666666666667,1,"B",1,1,5.98,"chick2","B12024","B1"
2558,2024,9.34,10,8.6,0,"B",0,0,6.13,"chick2","B22024","B2"
2558,2024,9.31,10,8.6,0,"B",0,0,6.13,"chick2","B22024","B2"
2558,2024,8.71,10,8.6,0,"B",0,0,6.13,"chick2","B22024","B2"
2558,2024,10.24,10,8.6,0,"B",0,0,6.13,"chick2","B22024","B2"
2558,2024,10.72,10,8.6,0,"B",0,0,6.13,"chick2","B22024","B2"
2558,2024,8.16,10,8.6,0,"B",0,0,6.13,"chick2","B22024","B2"
2558,2024,9.28,10,8.6,0,"B",0,0,6.13,"chick2","B22024","B2"
2558,2024,9.94,10,8.6,0,"B",0,0,6.13,"chick2","B22024","B2"
2558,2024,9.54,10,8.6,0,"B",0,0,6.13,"chick2","B22024","B2"
2558,2024,9.7,10,8.6,0,"B",0,0,6.13,"chick2","B22024","B2"
2564,2024,10.15,9,7.83333333333333,0,"B",0,0,6.13,"chick2","B22024","B2"
2564,2024,9.92,9,7.83333333333333,0,"B",0,0,6.13,"chick2","B22024","B2"
2564,2024,10.38,9,7.83333333333333,0,"B",0,0,6.13,"chick2","B22024","B2"
2564,2024,9.67,9,7.83333333333333,0,"B",0,0,6.13,"chick2","B22024","B2"
2564,2024,9.65,9,7.83333333333333,0,"B",0,0,6.13,"chick2","B22024","B2"
2564,2024,9.38,9,7.83333333333333,0,"B",0,0,6.13,"chick2","B22024","B2"
2564,2024,8.21,9,7.83333333333333,0,"B",0,0,6.13,"chick2","B22024","B2"
2564,2024,9.75,9,7.83333333333333,0,"B",0,0,6.13,"chick2","B22024","B2"
2564,2024,8.77,9,7.83333333333333,0,"B",0,0,6.13,"chick2","B22024","B2"
2574,2024,11.31,7,9.36666666666667,0,"B",0,0,8.04,"chick2","F12024","F1"
2574,2024,11.91,7,9.36666666666667,0,"B",0,0,8.04,"chick2","F12024","F1"
2574,2024,12.26,7,9.36666666666667,0,"B",0,0,8.04,"chick2","F12024","F1"
2574,2024,11.71,7,9.36666666666667,0,"B",0,0,8.04,"chick2","F12024","F1"
2574,2024,11.27,7,9.36666666666667,0,"B",0,0,8.04,"chick2","F12024","F1"
2574,2024,10.86,7,9.36666666666667,0,"B",0,0,8.04,"chick2","F12024","F1"
2574,2024,12.56,7,9.36666666666667,0,"B",0,0,8.04,"chick2","F12024","F1"
2580,2024,14.99,6,6.83333333333333,0,"G",0,0,8.04,"chick2","F12024","F1"
2580,2024,15.89,6,6.83333333333333,0,"G",0,0,8.04,"chick2","F12024","F1"
2580,2024,12.79,6,6.83333333333333,0,"G",0,0,8.04,"chick2","F12024","F1"
2580,2024,14.68,6,6.83333333333333,0,"G",0,0,8.04,"chick2","F12024","F1"
2580,2024,14.98,6,6.83333333333333,0,"G",0,0,8.04,"chick2","F12024","F1"
2580,2024,13.08,6,6.83333333333333,0,"G",0,0,8.04,"chick2","F12024","F1"
2582,2024,15.6,5,4.75,0,"G",0,0,8.04,"chick2","F12024","F1"
2582,2024,16.1,5,4.75,0,"G",0,0,8.04,"chick2","F12024","F1"
2582,2024,15.57,5,4.75,0,"G",0,0,8.04,"chick2","F12024","F1"
2582,2024,13.77,5,4.75,0,"G",0,0,8.04,"chick2","F12024","F1"
2582,2024,13.9,5,4.75,0,"G",0,0,8.04,"chick2","F12024","F1"
2583,2024,11.83,5,6.5,0,"B",0,0,8.04,"chick2","F12024","F1"
2583,2024,11.35,5,6.5,0,"B",0,0,8.04,"chick2","F12024","F1"
2583,2024,10.91,5,6.5,0,"B",0,0,8.04,"chick2","F12024","F1"
2583,2024,11.72,5,6.5,0,"B",0,0,8.04,"chick2","F12024","F1"
2583,2024,13.16,5,6.5,0,"B",0,0,8.04,"chick2","F12024","F1"
2603,2024,11.31,7,5.58333333333333,0,"B",0,0,8.04,"chick2","F12024","F1"
2603,2024,9.03,7,5.58333333333333,0,"B",0,0,8.04,"chick2","F12024","F1"
2603,2024,9.18,7,5.58333333333333,0,"B",0,0,8.04,"chick2","F12024","F1"
2603,2024,11.42,7,5.58333333333333,0,"B",0,0,8.04,"chick2","F12024","F1"
2603,2024,10.94,7,5.58333333333333,0,"B",0,0,8.04,"chick2","F12024","F1"
2603,2024,8.86,7,5.58333333333333,0,"B",0,0,8.04,"chick2","F12024","F1"
2603,2024,10.91,7,5.58333333333333,0,"B",0,0,8.04,"chick2","F12024","F1"
2624,2024,10.94,7,3.85,1,"B",1,1,6.95,"chick2","F22024","F2"
2624,2024,9.46,7,3.85,1,"B",1,1,6.95,"chick2","F22024","F2"
2624,2024,10.68,7,3.85,1,"B",1,1,6.95,"chick2","F22024","F2"
2624,2024,10.53,7,3.85,1,"B",1,1,6.95,"chick2","F22024","F2"
2624,2024,9.11,7,3.85,1,"B",1,1,6.95,"chick2","F22024","F2"
2624,2024,9.89,7,3.85,1,"B",1,1,6.95,"chick2","F22024","F2"
2624,2024,9.57,7,3.85,1,"B",1,1,6.95,"chick2","F22024","F2"
2625,2024,10,8,5,0,"B",1,1,6.95,"chick2","F22024","F2"
2625,2024,10.8,8,5,0,"B",1,1,6.95,"chick2","F22024","F2"
2625,2024,8.2,8,5,0,"B",1,1,6.95,"chick2","F22024","F2"
2625,2024,8,8,5,0,"B",1,1,6.95,"chick2","F22024","F2"
2625,2024,10.1,8,5,0,"B",1,1,6.95,"chick2","F22024","F2"
2625,2024,9.5,8,5,0,"B",1,1,6.95,"chick2","F22024","F2"
2625,2024,8.6,8,5,0,"B",1,1,6.95,"chick2","F22024","F2"
2625,2024,9.7,8,5,0,"B",1,1,6.95,"chick2","F22024","F2"
2645,2024,7.93,8,6.1,1,"B",1,1,6.95,"chick2","F22024","F2"
2645,2024,11.76,8,6.1,1,"B",1,1,6.95,"chick2","F22024","F2"
2645,2024,10.99,8,6.1,1,"B",1,1,6.95,"chick2","F22024","F2"
2645,2024,11.58,8,6.1,1,"B",1,1,6.95,"chick2","F22024","F2"
2645,2024,11.64,8,6.1,1,"B",1,1,6.95,"chick2","F22024","F2"
2645,2024,11.98,8,6.1,1,"B",1,1,6.95,"chick2","F22024","F2"
2645,2024,10.69,8,6.1,1,"B",1,1,6.95,"chick2","F22024","F2"
2645,2024,11.78,8,6.1,1,"B",1,1,6.95,"chick2","F22024","F2"
2723,2024,10.13,10,3.06666666666667,0,"B",1,0,5.62,"chick2","D12024","D1"
2723,2024,10.31,10,3.06666666666667,0,"B",1,0,5.62,"chick2","D12024","D1"
2723,2024,10.08,10,3.06666666666667,0,"B",1,0,5.62,"chick2","D12024","D1"
2723,2024,9.56,10,3.06666666666667,0,"B",1,0,5.62,"chick2","D12024","D1"
2723,2024,9.81,10,3.06666666666667,0,"B",1,0,5.62,"chick2","D12024","D1"
2723,2024,10.34,10,3.06666666666667,0,"B",1,0,5.62,"chick2","D12024","D1"
2723,2024,10.5,10,3.06666666666667,0,"B",1,0,5.62,"chick2","D12024","D1"
2723,2024,10.57,10,3.06666666666667,0,"B",1,0,5.62,"chick2","D12024","D1"
2723,2024,10.47,10,3.06666666666667,0,"B",1,0,5.62,"chick2","D12024","D1"
2723,2024,10.06,10,3.06666666666667,0,"B",1,0,5.62,"chick2","D12024","D1"
2725,2024,16.86,5,3.08333333333333,0,"G",1,0,5.62,"chick2","D12024","D1"
2725,2024,13.94,5,3.08333333333333,0,"G",1,0,5.62,"chick2","D12024","D1"
2725,2024,15.12,5,3.08333333333333,0,"G",1,0,5.62,"chick2","D12024","D1"
2725,2024,15.02,5,3.08333333333333,0,"G",1,0,5.62,"chick2","D12024","D1"
2725,2024,12.64,5,3.08333333333333,0,"G",1,0,5.62,"chick2","D12024","D1"
2731,2024,11.5,10,6.03333333333333,0,"B",1,0,5.62,"chick2","D12024","D1"
2731,2024,11.3,10,6.03333333333333,0,"B",1,0,5.62,"chick2","D12024","D1"
2731,2024,10.6,10,6.03333333333333,0,"B",1,0,5.62,"chick2","D12024","D1"
2731,2024,11.6,10,6.03333333333333,0,"B",1,0,5.62,"chick2","D12024","D1"
2731,2024,11.2,10,6.03333333333333,0,"B",1,0,5.62,"chick2","D12024","D1"
2731,2024,11.5,10,6.03333333333333,0,"B",1,0,5.62,"chick2","D12024","D1"
2731,2024,9.8,10,6.03333333333333,0,"B",1,0,5.62,"chick2","D12024","D1"
2731,2024,11.2,10,6.03333333333333,0,"B",1,0,5.62,"chick2","D12024","D1"
2731,2024,11.8,10,6.03333333333333,0,"B",1,0,5.62,"chick2","D12024","D1"
2731,2024,12,10,6.03333333333333,0,"B",1,0,5.62,"chick2","D12024","D1"
2733,2024,10.92,10,4.28333333333333,0,"B",1,0,5.62,"chick2","D12024","D1"
2733,2024,7.58,10,4.28333333333333,0,"B",1,0,5.62,"chick2","D12024","D1"
2733,2024,10.51,10,4.28333333333333,0,"B",1,0,5.62,"chick2","D12024","D1"
2733,2024,12.09,10,4.28333333333333,0,"B",1,0,5.62,"chick2","D12024","D1"
2733,2024,11.04,10,4.28333333333333,0,"B",1,0,5.62,"chick2","D12024","D1"
2733,2024,11.06,10,4.28333333333333,0,"B",1,0,5.62,"chick2","D12024","D1"
2733,2024,11.51,10,4.28333333333333,0,"B",1,0,5.62,"chick2","D12024","D1"
2733,2024,12.68,10,4.28333333333333,0,"B",1,0,5.62,"chick2","D12024","D1"
2733,2024,10.77,10,4.28333333333333,0,"B",1,0,5.62,"chick2","D12024","D1"
2733,2024,10.79,10,4.28333333333333,0,"B",1,0,5.62,"chick2","D12024","D1"
2734,2024,11.05,8,3.65,0,"B",1,0,5.62,"chick2","D12024","D1"
2734,2024,11.9,8,3.65,0,"B",1,0,5.62,"chick2","D12024","D1"
2734,2024,9.33,8,3.65,0,"B",1,0,5.62,"chick2","D12024","D1"
2734,2024,9.79,8,3.65,0,"B",1,0,5.62,"chick2","D12024","D1"
2734,2024,9.39,8,3.65,0,"B",1,0,5.62,"chick2","D12024","D1"
2734,2024,11.96,8,3.65,0,"B",1,0,5.62,"chick2","D12024","D1"
2734,2024,12.26,8,3.65,0,"B",1,0,5.62,"chick2","D12024","D1"
2734,2024,10.94,8,3.65,0,"B",1,0,5.62,"chick2","D12024","D1"
2735,2024,12.35,9,2.25,0,"B",1,0,5.62,"chick2","D12024","D1"
2735,2024,10.22,9,2.25,0,"B",1,0,5.62,"chick2","D12024","D1"
2735,2024,11.15,9,2.25,0,"B",1,0,5.62,"chick2","D12024","D1"
2735,2024,11.76,9,2.25,0,"B",1,0,5.62,"chick2","D12024","D1"
2735,2024,10.38,9,2.25,0,"B",1,0,5.62,"chick2","D12024","D1"
2735,2024,9.66,9,2.25,0,"B",1,0,5.62,"chick2","D12024","D1"
2735,2024,10.49,9,2.25,0,"B",1,0,5.62,"chick2","D12024","D1"
2735,2024,10.4,9,2.25,0,"B",1,0,5.62,"chick2","D12024","D1"
2735,2024,12.24,9,2.25,0,"B",1,0,5.62,"chick2","D12024","D1"
2744,2024,10.97,11,5.51666666666667,0,"B",1,0,5.62,"chick2","D12024","D1"
2744,2024,10.75,11,5.51666666666667,0,"B",1,0,5.62,"chick2","D12024","D1"
2744,2024,10.34,11,5.51666666666667,0,"B",1,0,5.62,"chick2","D12024","D1"
2744,2024,12,11,5.51666666666667,0,"B",1,0,5.62,"chick2","D12024","D1"
2744,2024,11.02,11,5.51666666666667,0,"B",1,0,5.62,"chick2","D12024","D1"
2744,2024,10.03,11,5.51666666666667,0,"B",1,0,5.62,"chick2","D12024","D1"
2744,2024,11.26,11,5.51666666666667,0,"B",1,0,5.62,"chick2","D12024","D1"
2744,2024,7.89,11,5.51666666666667,0,"B",1,0,5.62,"chick2","D12024","D1"
2744,2024,10.98,11,5.51666666666667,0,"B",1,0,5.62,"chick2","D12024","D1"
2744,2024,10.57,11,5.51666666666667,0,"B",1,0,5.62,"chick2","D12024","D1"
2744,2024,11.62,11,5.51666666666667,0,"B",1,0,5.62,"chick2","D12024","D1"
2746,2024,10.65,8,5.28333333333333,0,"B",1,0,5.62,"chick2","D12024","D1"
2746,2024,11.19,8,5.28333333333333,0,"B",1,0,5.62,"chick2","D12024","D1"
2746,2024,11.58,8,5.28333333333333,0,"B",1,0,5.62,"chick2","D12024","D1"
2746,2024,11.66,8,5.28333333333333,0,"B",1,0,5.62,"chick2","D12024","D1"
2746,2024,10.7,8,5.28333333333333,0,"B",1,0,5.62,"chick2","D12024","D1"
2746,2024,11.18,8,5.28333333333333,0,"B",1,0,5.62,"chick2","D12024","D1"
2746,2024,12.33,8,5.28333333333333,0,"B",1,0,5.62,"chick2","D12024","D1"
2746,2024,11.91,8,5.28333333333333,0,"B",1,0,5.62,"chick2","D12024","D1"
2747,2024,11.81,2,10.2666666666667,0,"B",1,0,5.62,"chick2","D12024","D1"
2747,2024,12.98,2,10.2666666666667,0,"B",1,0,5.62,"chick2","D12024","D1"
2760,2024,17,9,9.4,0,"G",0,1,5.69,"chick2","D22024","D2"
2760,2024,16.9,9,9.4,0,"G",0,1,5.69,"chick2","D22024","D2"
2760,2024,19.3,9,9.4,0,"G",0,1,5.69,"chick2","D22024","D2"
2760,2024,16.5,9,9.4,0,"G",0,1,5.69,"chick2","D22024","D2"
2760,2024,16.4,9,9.4,0,"G",0,1,5.69,"chick2","D22024","D2"
2760,2024,16.1,9,9.4,0,"G",0,1,5.69,"chick2","D22024","D2"
2760,2024,17.1,9,9.4,0,"G",0,1,5.69,"chick2","D22024","D2"
2760,2024,16.68,9,9.4,0,"G",0,1,5.69,"chick2","D22024","D2"
2760,2024,17.1,9,9.4,0,"G",0,1,5.69,"chick2","D22024","D2"
2761,2024,10.61,8,10.3166666666667,0,"B",0,1,5.69,"chick2","D22024","D2"
2761,2024,11.8,8,10.3166666666667,0,"B",0,1,5.69,"chick2","D22024","D2"
2761,2024,10.9,8,10.3166666666667,0,"B",0,1,5.69,"chick2","D22024","D2"
2761,2024,10.7,8,10.3166666666667,0,"B",0,1,5.69,"chick2","D22024","D2"
2761,2024,11.7,8,10.3166666666667,0,"B",0,1,5.69,"chick2","D22024","D2"
2761,2024,10.74,8,10.3166666666667,0,"B",0,1,5.69,"chick2","D22024","D2"
2761,2024,10.9,8,10.3166666666667,0,"B",0,1,5.69,"chick2","D22024","D2"
2761,2024,11.1,8,10.3166666666667,0,"B",0,1,5.69,"chick2","D22024","D2"
2763,2024,12.66,5,6.23333333333333,0,"B",0,1,5.69,"chick2","D22024","D2"
2763,2024,12.27,5,6.23333333333333,0,"B",0,1,5.69,"chick2","D22024","D2"
2763,2024,11.65,5,6.23333333333333,0,"B",0,1,5.69,"chick2","D22024","D2"
2763,2024,12.86,5,6.23333333333333,0,"B",0,1,5.69,"chick2","D22024","D2"
2763,2024,11.02,5,6.23333333333333,0,"B",0,1,5.69,"chick2","D22024","D2"
2772,2024,11.4,9,7.26666666666667,0,"B",0,1,5.69,"chick2","D22024","D2"
2772,2024,12.78,9,7.26666666666667,0,"B",0,1,5.69,"chick2","D22024","D2"
2772,2024,11.4,9,7.26666666666667,0,"B",0,1,5.69,"chick2","D22024","D2"
2772,2024,11.01,9,7.26666666666667,0,"B",0,1,5.69,"chick2","D22024","D2"
2772,2024,10.99,9,7.26666666666667,0,"B",0,1,5.69,"chick2","D22024","D2"
2772,2024,12.16,9,7.26666666666667,0,"B",0,1,5.69,"chick2","D22024","D2"
2772,2024,11.7,9,7.26666666666667,0,"B",0,1,5.69,"chick2","D22024","D2"
2772,2024,11.14,9,7.26666666666667,0,"B",0,1,5.69,"chick2","D22024","D2"
2772,2024,12.33,9,7.26666666666667,0,"B",0,1,5.69,"chick2","D22024","D2"
2776,2024,10.67,7,7.05,0,"B",0,1,5.69,"chick2","D22024","D2"
2776,2024,9.33,7,7.05,0,"B",0,1,5.69,"chick2","D22024","D2"
2776,2024,8.1,7,7.05,0,"B",0,1,5.69,"chick2","D22024","D2"
2776,2024,11.62,7,7.05,0,"B",0,1,5.69,"chick2","D22024","D2"
2776,2024,9.21,7,7.05,0,"B",0,1,5.69,"chick2","D22024","D2"
2776,2024,8.55,7,7.05,0,"B",0,1,5.69,"chick2","D22024","D2"
2776,2024,11.33,7,7.05,0,"B",0,1,5.69,"chick2","D22024","D2"
2778,2024,11.81,9,5.58333333333333,0,"B",0,1,5.69,"chick2","D22024","D2"
2778,2024,11.76,9,5.58333333333333,0,"B",0,1,5.69,"chick2","D22024","D2"
2778,2024,12.45,9,5.58333333333333,0,"B",0,1,5.69,"chick2","D22024","D2"
2778,2024,11.27,9,5.58333333333333,0,"B",0,1,5.69,"chick2","D22024","D2"
2778,2024,16.33,9,5.58333333333333,0,"B",0,1,5.69,"chick2","D22024","D2"
2778,2024,11.45,9,5.58333333333333,0,"B",0,1,5.69,"chick2","D22024","D2"
2778,2024,10.94,9,5.58333333333333,0,"B",0,1,5.69,"chick2","D22024","D2"
2778,2024,11.44,9,5.58333333333333,0,"B",0,1,5.69,"chick2","D22024","D2"
2778,2024,10.87,9,5.58333333333333,0,"B",0,1,5.69,"chick2","D22024","D2"
2779,2024,15.67,6,4.55,0,"G",0,1,5.69,"chick2","D22024","D2"
2779,2024,15.45,6,4.55,0,"G",0,1,5.69,"chick2","D22024","D2"
2779,2024,16.03,6,4.55,0,"G",0,1,5.69,"chick2","D22024","D2"
2779,2024,15.16,6,4.55,0,"G",0,1,5.69,"chick2","D22024","D2"
2779,2024,15.43,6,4.55,0,"G",0,1,5.69,"chick2","D22024","D2"
2779,2024,16.28,6,4.55,0,"G",0,1,5.69,"chick2","D22024","D2"
2784,2024,11.1,9,6.91666666666667,0,"B",0,1,5.69,"chick2","D22024","D2"
2784,2024,10.9,9,6.91666666666667,0,"B",0,1,5.69,"chick2","D22024","D2"
2784,2024,10.6,9,6.91666666666667,0,"B",0,1,5.69,"chick2","D22024","D2"
2784,2024,11.8,9,6.91666666666667,0,"B",0,1,5.69,"chick2","D22024","D2"
2784,2024,12.5,9,6.91666666666667,0,"B",0,1,5.69,"chick2","D22024","D2"
2784,2024,11.2,9,6.91666666666667,0,"B",0,1,5.69,"chick2","D22024","D2"
2784,2024,9.3,9,6.91666666666667,0,"B",0,1,5.69,"chick2","D22024","D2"
2784,2024,11,9,6.91666666666667,0,"B",0,1,5.69,"chick2","D22024","D2"
2786,2024,12.37,10,9.01666666666667,0,"G",0,1,5.69,"chick2","D22024","D2"
2786,2024,14.67,10,9.01666666666667,0,"G",0,1,5.69,"chick2","D22024","D2"
2786,2024,15.57,10,9.01666666666667,0,"G",0,1,5.69,"chick2","D22024","D2"
2786,2024,13.3,10,9.01666666666667,0,"G",0,1,5.69,"chick2","D22024","D2"
2786,2024,15.52,10,9.01666666666667,0,"G",0,1,5.69,"chick2","D22024","D2"
2786,2024,14.95,10,9.01666666666667,0,"G",0,1,5.69,"chick2","D22024","D2"
2786,2024,15.8,10,9.01666666666667,0,"G",0,1,5.69,"chick2","D22024","D2"
2786,2024,14.92,10,9.01666666666667,0,"G",0,1,5.69,"chick2","D22024","D2"
2786,2024,13.4,10,9.01666666666667,0,"G",0,1,5.69,"chick2","D22024","D2"
2786,2024,15.41,10,9.01666666666667,0,"G",0,1,5.69,"chick2","D22024","D2"
2787,2024,10.94,9,7.76666666666667,0,"B",0,1,5.69,"chick2","D22024","D2"
2787,2024,10.45,9,7.76666666666667,0,"B",0,1,5.69,"chick2","D22024","D2"
2787,2024,10.96,9,7.76666666666667,0,"B",0,1,5.69,"chick2","D22024","D2"
2787,2024,11.75,9,7.76666666666667,0,"B",0,1,5.69,"chick2","D22024","D2"
2787,2024,10.21,9,7.76666666666667,0,"B",0,1,5.69,"chick2","D22024","D2"
2787,2024,11.31,9,7.76666666666667,0,"B",0,1,5.69,"chick2","D22024","D2"
2787,2024,10.02,9,7.76666666666667,0,"B",0,1,5.69,"chick2","D22024","D2"
2787,2024,10.79,9,7.76666666666667,0,"B",0,1,5.69,"chick2","D22024","D2"
2787,2024,11.03,9,7.76666666666667,0,"B",0,1,5.69,"chick2","D22024","D2"
2788,2024,11.1,4,8.81666666666667,0,"B",0,1,5.69,"chick2","D22024","D2"
2788,2024,11.5,4,8.81666666666667,0,"B",0,1,5.69,"chick2","D22024","D2"
2788,2024,12.5,4,8.81666666666667,0,"B",0,1,5.69,"chick2","D22024","D2"
2788,2024,11.81,4,8.81666666666667,0,"B",0,1,5.69,"chick2","D22024","D2"
2792,2024,14.32,8,7.8,0,"G",0,1,5.69,"chick2","D22024","D2"
2792,2024,14.55,8,7.8,0,"G",0,1,5.69,"chick2","D22024","D2"
2792,2024,13.75,8,7.8,0,"G",0,1,5.69,"chick2","D22024","D2"
2792,2024,15.17,8,7.8,0,"G",0,1,5.69,"chick2","D22024","D2"
2792,2024,14.07,8,7.8,0,"G",0,1,5.69,"chick2","D22024","D2"
2792,2024,15.94,8,7.8,0,"G",0,1,5.69,"chick2","D22024","D2"
2792,2024,11.13,8,7.8,0,"G",0,1,5.69,"chick2","D22024","D2"
2792,2024,16.28,8,7.8,0,"G",0,1,5.69,"chick2","D22024","D2"
